[
    {
        "id": "17858504312314436",
        "created_at": 1605668908,
        "text": "Y la Reforma de la constituci\u00f3n, y erradicar la corrupci\u00f3n del gobiernos de universidades incluso de entidades peque\u00f1as, y ojala todo lo que dice no sea solo palabras bonitas sino hechos y que haya mejoras en las reformas estudiantiles tanto en colegios como universidades ya que las anteriores solo han sido perjudiciales y retrogadas, y que usted nose llene la boca hablando de crecimiento o desarrollo ec\u00f3nomico cuando es todo lo contrario en el  pa\u00eds, mas bien impulse y ayude al peruano a generar empleo para erradicar la informalidad poco a poco del pa\u00eds y  no solo se centre en los grandes inversionistas \ud83d\udd90",
        "owner": {
            "id": "5566601971",
            "is_verified": false,
            "profile_pic_url": "https://instagram.flim8-1.fna.fbcdn.net/v/t51.2885-19/441746758_894737745788943_6726482713684362978_n.jpg?stp=dst-jpg_s150x150&_nc_ht=instagram.flim8-1.fna.fbcdn.net&_nc_cat=103&_nc_ohc=mwIEvRvKIGUQ7kNvgH5WoMT&edm=AMrZAGUBAAAA&ccb=7-5&oh=00_AYD0rFNnYQsfOlSZUza3R--Rv_y5IxA9V9BWa5N7hTUoyw&oe=665B67E9&_nc_sid=17eaee",
            "username": "297_miacasma"
        },
        "likes_count": 1,
        "answers": []
    },
    {
        "id": "17863545506194253",
        "created_at": 1605659056,
        "text": "Sagasti trae confianza",
        "owner": {
            "id": "1620690450",
            "is_verified": false,
            "profile_pic_url": "https://instagram.flim13-1.fna.fbcdn.net/v/t51.2885-19/400842659_1071326437214576_830394877148242430_n.jpg?stp=dst-jpg_s150x150&_nc_ht=instagram.flim13-1.fna.fbcdn.net&_nc_cat=108&_nc_ohc=r7eoky20NJ8Q7kNvgE96ZWF&edm=AMrZAGUBAAAA&ccb=7-5&oh=00_AYDiG0ucZ46Fb_J8Z0NhJPG2HZjKo00LKCEqvoJRg3du3g&oe=665B93A6&_nc_sid=17eaee",
            "username": "rolal_"
        },
        "likes_count": 2,
        "answers": [
            {
                "id": 17860089149263504,
                "created_at": 1605669151,
                "text": "@rodrigo.laralopez.7 me ilusion\u00f3 ajsjsjs",
                "owner": {
                    "id": "1600193487",
                    "is_verified": false,
                    "profile_pic_url": "https://instagram.flim9-1.fna.fbcdn.net/v/t51.2885-19/439987090_316550451249246_4217105103283871124_n.jpg?stp=dst-jpg_s150x150&_nc_ht=instagram.flim9-1.fna.fbcdn.net&_nc_cat=106&_nc_ohc=1ZXZlZPv5SwQ7kNvgF2F2nT&edm=AMrZAGUBAAAA&ccb=7-5&oh=00_AYCsOMLS2t2zrOn-aXuinvKvoM81-pQ7Fxo_sFq1VePXNw&oe=665B733D&_nc_sid=17eaee",
                    "username": "angiequispe_"
                },
                "likes_count": 0
            }
        ]
    },
    {
        "id": "17892959326729552",
        "created_at": 1605654621,
        "text": "Nueva Constituci\u00f3n \ud83d\ude22",
        "owner": {
            "id": "2015678410",
            "is_verified": false,
            "profile_pic_url": "https://instagram.flim8-1.fna.fbcdn.net/v/t51.2885-19/361739593_3387380751553526_1469763885830486622_n.jpg?stp=dst-jpg_s150x150&_nc_ht=instagram.flim8-1.fna.fbcdn.net&_nc_cat=102&_nc_ohc=TpZjS2Rvz3sQ7kNvgHkUelG&edm=AMrZAGUBAAAA&ccb=7-5&oh=00_AYC-q8CG59yHWfW-08pp9s9HgX0DCk6C1AAviGsuI7ZbDQ&oe=665B6AA6&_nc_sid=17eaee",
            "username": "e_frebel"
        },
        "likes_count": 2,
        "answers": []
    }
]