[
    {
        "id": "18158147794001456",
        "created_at": 1596936836,
        "text": "Su creador Sim\u00f3n Kutnetz cuando le propuso al pdte Roosevelt tambi\u00e9n dijo lo mismo, es un buen indicador de la actividad econ\u00f3mica pero no el mejor, tiene muchas falencias; pero de ah\u00ed a que se haya querido seguir con ese es otro asunto.",
        "owner": {
            "id": "9972560972",
            "is_verified": false,
            "profile_pic_url": "https://instagram.flim9-1.fna.fbcdn.net/v/t51.2885-19/446106229_438959398832070_7759127632223160741_n.jpg?stp=dst-jpg_s150x150&_nc_ht=instagram.flim9-1.fna.fbcdn.net&_nc_cat=106&_nc_ohc=cjhqWXFsxOgQ7kNvgFT-yc1&edm=AMrZAGUBAAAA&ccb=7-5&oh=00_AYDlmuZ7lfQJy2NGjBgMrNi1OZPumf1Q9vxx7oyqj0GDYA&oe=665B977F&_nc_sid=17eaee",
            "username": "dmz_.9"
        },
        "likes_count": 0,
        "answers": []
    }
]