[
    {
        "id": "17884129741819932",
        "created_at": 1605275444,
        "text": "@malagafuenzalida hablemos de finanzas",
        "owner": {
            "id": "1476009522",
            "is_verified": false,
            "profile_pic_url": "https://instagram.flim8-1.fna.fbcdn.net/v/t51.2885-19/421029852_1498522484047274_8637691374361587469_n.jpg?stp=dst-jpg_s150x150&_nc_ht=instagram.flim8-1.fna.fbcdn.net&_nc_cat=102&_nc_ohc=XdSSrCcRUM4Q7kNvgH4vcel&edm=AMrZAGUBAAAA&ccb=7-5&oh=00_AYDl2DyVyOr4fvw94IKDtSNcgvDxEmjS0grvG0G3ii9Deg&oe=665B6D5A&_nc_sid=17eaee",
            "username": "nousinfinite"
        },
        "likes_count": 0,
        "answers": [
            {
                "id": 17879321206924715,
                "created_at": 1605281253,
                "text": "@nousinfinite frena las protestas y la bolsa sube; de hecho el d\u00f3lar ya se hab\u00eda empezado a regularizar hasta que la la pedanter\u00eda clasemediera sali\u00f3 a hacer berrinche, el nuevo gabinete es liberal hasta el tu\u00e9tano y no tiene ni un solo \"dinosaurio\" conocido por carecer de capacidad t\u00e9cnica y vivir del populismo, nada m\u00e1s mira a la ministra Delia Mu\u00f1\u00f3z, si tu criterio puede m\u00e1s que el rencor que nubla, te va a dejar respirar, nada le gusta m\u00e1s a la inversi\u00f3n, lo que la espanta es la incertidumbre pol\u00edtica que generan las c\u00e1maras de eco de quienes controlan los medios y las redes sociales. Populistas han sido quienes han gobernado 4 largos a\u00f1os culpando de sus cagadas a todo el mundo y ahora poco m\u00e1s y llaman a la insurgencia. A m\u00ed y a otros millones de peruanos, Merino y su gabinete s\u00ed nos representa, y lo digo con orgullo.",
                "owner": {
                    "id": "2331857799",
                    "is_verified": false,
                    "profile_pic_url": "https://instagram.flim9-1.fna.fbcdn.net/v/t51.2885-19/374723438_3491936531029590_917716615504720605_n.jpg?stp=dst-jpg_s150x150&_nc_ht=instagram.flim9-1.fna.fbcdn.net&_nc_cat=106&_nc_ohc=GIGlprEyovwQ7kNvgGleTRr&edm=AMrZAGUBAAAA&ccb=7-5&oh=00_AYB9p-BP6yhpJrmdVoffMN4jT4rqqvo9CUKq4sMuRWD7EQ&oe=665B6946&_nc_sid=17eaee",
                    "username": "malagafuenzalida"
                },
                "likes_count": 0
            }
        ]
    }
]