[
    {
        "id": "17961668761347934",
        "created_at": 1605140671,
        "text": "JAJAJJA no quer\u00edan hacer mas palera la cortina d humo? Csm",
        "owner": {
            "id": "40680281931",
            "is_verified": false,
            "profile_pic_url": "https://instagram.flim9-1.fna.fbcdn.net/v/t51.2885-19/241130684_226476896096109_4540685019531177140_n.jpg?stp=dst-jpg_s150x150&_nc_ht=instagram.flim9-1.fna.fbcdn.net&_nc_cat=109&_nc_ohc=GBwKTnW99PAQ7kNvgFAQqgN&edm=AMrZAGUBAAAA&ccb=7-5&oh=00_AYDg9SCNH5nfbOHQ0g4CpLXr7TRrGE1v-np3VX8zPv-x9w&oe=665B6B38&_nc_sid=17eaee",
            "username": "intercolleras"
        },
        "likes_count": 0,
        "answers": []
    },
    {
        "id": "18170563672021975",
        "created_at": 1605095054,
        "text": "Congresistas de mierda. Ya empezaron con su repartija y sus universidades truchas",
        "owner": {
            "id": "363407135",
            "is_verified": false,
            "profile_pic_url": "https://instagram.flim13-1.fna.fbcdn.net/v/t51.2885-19/39140394_359523354586297_7079062219362664448_n.jpg?stp=dst-jpg_s150x150&_nc_ht=instagram.flim13-1.fna.fbcdn.net&_nc_cat=101&_nc_ohc=Z0fI9zr5B7cQ7kNvgEALxwV&edm=AMrZAGUBAAAA&ccb=7-5&oh=00_AYBMs_UZxVEJZO3KcK6c_3ALJVjEMJaX7VSwNYinYwmNpg&oe=665B871A&_nc_sid=17eaee",
            "username": "allis.13"
        },
        "likes_count": 0,
        "answers": []
    },
    {
        "id": "17873680859014971",
        "created_at": 1605074828,
        "text": "Como es posible que modifiquen a estas alturas la ley universitaria y quieran crear  5 universidades  en plena pandemia\ud83e\udd26\ud83c\udffd\u200d\u2640\ufe0f\ud83e\udd26\ud83c\udffd\u200d\u2640\ufe0f\ud83e\udd26\ud83c\udffd\u200d\u2640\ufe0f\ud83e\udd26\ud83c\udffd\u200d\u2640\ufe0f",
        "owner": {
            "id": "560879859",
            "is_verified": false,
            "profile_pic_url": "https://instagram.flim9-1.fna.fbcdn.net/v/t51.2885-19/306799950_324178719906297_8319252455785033865_n.jpg?stp=dst-jpg_s150x150&_nc_ht=instagram.flim9-1.fna.fbcdn.net&_nc_cat=109&_nc_ohc=yvE0TooJh94Q7kNvgHo8ftg&edm=AMrZAGUBAAAA&ccb=7-5&oh=00_AYDBtCC0t42Xirl8IqcHf2r75JGl-8l1I1StEVt-pfTQPA&oe=665B8FA2&_nc_sid=17eaee",
            "username": "__andrea.ale.cl"
        },
        "likes_count": 0,
        "answers": []
    },
    {
        "id": "18172959523031821",
        "created_at": 1605071613,
        "text": "@andergtrr GG",
        "owner": {
            "id": "862058078",
            "is_verified": false,
            "profile_pic_url": "https://instagram.flim8-1.fna.fbcdn.net/v/t51.2885-19/22794310_139936573310654_6705244466535464960_n.jpg?stp=dst-jpg_s150x150&_nc_ht=instagram.flim8-1.fna.fbcdn.net&_nc_cat=102&_nc_ohc=c3rWvaq1xDIQ7kNvgH3WSjB&edm=AMrZAGUBAAAA&ccb=7-5&oh=00_AYCDmXLUaLZwne6kB8wcCoRYv7MB_VKl5RD51getexsqXQ&oe=665B75B9&_nc_sid=17eaee",
            "username": "sebastiannmolina_"
        },
        "likes_count": 0,
        "answers": []
    },
    {
        "id": "17925883045454501",
        "created_at": 1605069870,
        "text": "Y se bajar\u00e1n a la sunedu u.u",
        "owner": {
            "id": "2084480418",
            "is_verified": false,
            "profile_pic_url": "https://instagram.flim9-1.fna.fbcdn.net/v/t51.2885-19/279296203_740267580738558_1328732416482642108_n.jpg?stp=dst-jpg_s150x150&_nc_ht=instagram.flim9-1.fna.fbcdn.net&_nc_cat=106&_nc_ohc=YeVybzIZZOwQ7kNvgEO4jAw&edm=AMrZAGUBAAAA&ccb=7-5&oh=00_AYC4n6c-Iou3kP5_NPovlUNVIyR3BM8cx9U5uUwo8mWh8g&oe=665B7505&_nc_sid=17eaee",
            "username": "gcprietolihon"
        },
        "likes_count": 0,
        "answers": []
    },
    {
        "id": "17872920716031956",
        "created_at": 1605067558,
        "text": "Que horrorrrrrrrrrrrrr",
        "owner": {
            "id": "338082260",
            "is_verified": false,
            "profile_pic_url": "https://instagram.flim13-1.fna.fbcdn.net/v/t51.2885-19/334280629_903747710875649_4677254289534337943_n.jpg?stp=dst-jpg_s150x150&_nc_ht=instagram.flim13-1.fna.fbcdn.net&_nc_cat=105&_nc_ohc=8r_RZMV0M74Q7kNvgGnLdzK&edm=AMrZAGUBAAAA&ccb=7-5&oh=00_AYD01V9yPD5CD6MD7AKht_soaWgSeXffvKhNxWFPcl0-rg&oe=665B6AAC&_nc_sid=17eaee",
            "username": "makiterryalva"
        },
        "likes_count": 0,
        "answers": []
    },
    {
        "id": "17908584427543158",
        "created_at": 1605063946,
        "text": "\ud83d\ude2e",
        "owner": {
            "id": "9207215780",
            "is_verified": false,
            "profile_pic_url": "https://instagram.flim13-1.fna.fbcdn.net/v/t51.2885-19/332740811_213704817812516_1400827854840768060_n.jpg?stp=dst-jpg_s150x150&_nc_ht=instagram.flim13-1.fna.fbcdn.net&_nc_cat=108&_nc_ohc=ixOKK-K6JHoQ7kNvgHvehFu&edm=AMrZAGUBAAAA&ccb=7-5&oh=00_AYCcq7OFQO-CVIAfsbgCGeA9KMFJpT43Q35R9G5UVqBHWQ&oe=665B6649&_nc_sid=17eaee",
            "username": "toribionoriegatorrejon"
        },
        "likes_count": 0,
        "answers": []
    },
    {
        "id": "17889920269742774",
        "created_at": 1605060745,
        "text": "En plena crisis se crear\u00e1n 5 universidades? Que rayos algo me dice que todas se licenciada conociendo a esas ratas del congreso",
        "owner": {
            "id": "4471703662",
            "is_verified": false,
            "profile_pic_url": "https://instagram.flim13-1.fna.fbcdn.net/v/t51.2885-19/442465202_1183926939416336_6275769947840390196_n.jpg?stp=dst-jpg_s150x150&_nc_ht=instagram.flim13-1.fna.fbcdn.net&_nc_cat=108&_nc_ohc=mupQmiQeE-gQ7kNvgGtNuFR&edm=AMrZAGUBAAAA&ccb=7-5&oh=00_AYBr7K-Fa812BzFIRoCzxN7HeJ68wRJwIJN43VvW-kmAKA&oe=665B6A68&_nc_sid=17eaee",
            "username": "rodrigosan99"
        },
        "likes_count": 1,
        "answers": []
    },
    {
        "id": "17864085827144562",
        "created_at": 1605059906,
        "text": "\ud83e\udd2c",
        "owner": {
            "id": "451339054",
            "is_verified": false,
            "profile_pic_url": "https://instagram.flim9-1.fna.fbcdn.net/v/t51.2885-19/177457867_295719735412881_2879885887335115078_n.jpg?stp=dst-jpg_s150x150&_nc_ht=instagram.flim9-1.fna.fbcdn.net&_nc_cat=109&_nc_ohc=1P7k-4fOtwwQ7kNvgE_IXJ1&edm=AMrZAGUBAAAA&ccb=7-5&oh=00_AYAdQQi9tFaSqRm-VxDShofNABW-Rrt3VazptbI9uPDR_w&oe=665B8E5A&_nc_sid=17eaee",
            "username": "juliovalerm"
        },
        "likes_count": 0,
        "answers": []
    }
]