[
    {
        "id": "17893768612706026",
        "created_at": 1605831256,
        "text": "Ella no es de la DARS?????",
        "owner": {
            "id": "3308906267",
            "is_verified": false,
            "profile_pic_url": "https://instagram.flim8-1.fna.fbcdn.net/v/t51.2885-19/132849213_172944687900172_7120968724430360066_n.jpg?stp=dst-jpg_s150x150&_nc_ht=instagram.flim8-1.fna.fbcdn.net&_nc_cat=104&_nc_ohc=OHUiil9-IIEQ7kNvgFmVUUS&edm=AMrZAGUBAAAA&ccb=7-5&oh=00_AYCUL64_cmG2aysY2lBdVcG81f2VeQ6SoxVijMfGkB-fuQ&oe=665B8FB0&_nc_sid=17eaee",
            "username": "luisfer673"
        },
        "likes_count": 0,
        "answers": []
    },
    {
        "id": "17921824768468268",
        "created_at": 1605757358,
        "text": "Waldo Mendoza \ud83d\udc95\ud83d\ude0d\ud83d\ude0d\ud83d\ude0d\ud83d\ude4c",
        "owner": {
            "id": "7873124310",
            "is_verified": false,
            "profile_pic_url": "https://instagram.flim13-1.fna.fbcdn.net/v/t51.2885-19/184845759_207161364362900_7168708454246277125_n.jpg?stp=dst-jpg_s150x150&_nc_ht=instagram.flim13-1.fna.fbcdn.net&_nc_cat=108&_nc_ohc=COjxsUzSm2MQ7kNvgE1tuOS&edm=AMrZAGUBAAAA&ccb=7-5&oh=00_AYDTZENspXhHUXE8RWluP3SjEmQCl2gZh1ciPBnWxYcJWQ&oe=665B7F39&_nc_sid=17eaee",
            "username": "vir.chaska"
        },
        "likes_count": 0,
        "answers": []
    }
]