[
    {
        "id": "17898086590709722",
        "created_at": 1608527530,
        "text": "Que me explique con fundamentos de la teor\u00eda del ciclo econ\u00f3mico real por qu\u00e9 mrd el pbi crecer\u00e1 por encima de su nivel potencial cuando la econom\u00eda empieze su pre auge",
        "owner": {
            "id": "21461341325",
            "is_verified": false,
            "profile_pic_url": "https://instagram.flim13-1.fna.fbcdn.net/v/t51.2885-19/272018366_1131459257589433_2794209409784655670_n.jpg?stp=dst-jpg_s150x150&_nc_ht=instagram.flim13-1.fna.fbcdn.net&_nc_cat=101&_nc_ohc=c4-bkpvtG_QQ7kNvgFo6BvF&edm=AMrZAGUBAAAA&ccb=7-5&oh=00_AYC35pg9jzq1oQ0uqFHaFXQgQAnIMxN3aoJXwf4Xb2Hftw&oe=665B6333&_nc_sid=17eaee",
            "username": "joch_villanes"
        },
        "likes_count": 1,
        "answers": []
    },
    {
        "id": "18135933223185906",
        "created_at": 1608515949,
        "text": "@lucia.unzueta tu fav",
        "owner": {
            "id": "3529690843",
            "is_verified": false,
            "profile_pic_url": "https://instagram.flim8-1.fna.fbcdn.net/v/t51.2885-19/435259519_1097965674821619_9067296185249161410_n.jpg?stp=dst-jpg_s150x150&_nc_ht=instagram.flim8-1.fna.fbcdn.net&_nc_cat=103&_nc_ohc=k8MI5Xs40TAQ7kNvgGw7lbv&edm=AMrZAGUBAAAA&ccb=7-5&oh=00_AYDXbDeviIizS3weG0HrDbyFNfqKINv87Y97Fv7SLIxNGQ&oe=665B84E6&_nc_sid=17eaee",
            "username": "marioaquino30"
        },
        "likes_count": 1,
        "answers": [
            {
                "id": 17869838726165530,
                "created_at": 1608571485,
                "text": "aluuuu",
                "owner": {
                    "id": "531752312",
                    "is_verified": false,
                    "profile_pic_url": "https://instagram.flim8-1.fna.fbcdn.net/v/t51.2885-19/444500948_1442611653062440_3657463071764062152_n.jpg?stp=dst-jpg_s150x150&_nc_ht=instagram.flim8-1.fna.fbcdn.net&_nc_cat=104&_nc_ohc=eLOlAY97Pd8Q7kNvgEIejhp&edm=AMrZAGUBAAAA&ccb=7-5&oh=00_AYBmyy9jfTP_WNFfZjA2b02Hd41LKN0PKTiZOuf9BlN2bg&oe=665B71B6&_nc_sid=17eaee",
                    "username": "lucia.unzueta"
                },
                "likes_count": 0
            }
        ]
    }
]