[
    {
        "id": "17849904787856520",
        "created_at": 1580957512,
        "text": "En qu\u00e9 pa\u00eds dan el curso",
        "owner": {
            "id": "5710304400",
            "is_verified": false,
            "profile_pic_url": "https://instagram.flim8-1.fna.fbcdn.net/v/t51.2885-19/426294712_1414290079472064_3675033446637097562_n.jpg?stp=dst-jpg_s150x150&_nc_ht=instagram.flim8-1.fna.fbcdn.net&_nc_cat=100&_nc_ohc=ZZk32swbq-YQ7kNvgH5NIa2&edm=AMrZAGUBAAAA&ccb=7-5&oh=00_AYCSJlYNGjEgSjTlEczubscXMQrdygdIn8qQPKN3sUStSA&oe=665B8CD2&_nc_sid=17eaee",
            "username": "diegolarah88"
        },
        "likes_count": 0,
        "answers": []
    }
]