[
    {
        "id": "18158114473075265",
        "created_at": 1605068157,
        "text": "\ud83d\ude4c\ud83c\udffb\ud83d\ude4c\ud83c\udffb\ud83d\ude4c\ud83c\udffb\ud83d\ude4c\ud83c\udffb",
        "owner": {
            "id": "680712303",
            "is_verified": false,
            "profile_pic_url": "https://instagram.flim8-1.fna.fbcdn.net/v/t51.2885-19/326276650_864434871442804_735496185304659362_n.jpg?stp=dst-jpg_s150x150&_nc_ht=instagram.flim8-1.fna.fbcdn.net&_nc_cat=104&_nc_ohc=_U4fbkEdtccQ7kNvgEEtENQ&edm=AMrZAGUBAAAA&ccb=7-5&oh=00_AYA-nIYOPfCEqsIaDpkyCkf9JAI3uYnrb58XgLVHaAMCzg&oe=665B7339&_nc_sid=17eaee",
            "username": "hintecole"
        },
        "likes_count": 0,
        "answers": []
    },
    {
        "id": "17872611377004835",
        "created_at": 1605063891,
        "text": "Claro y que se disemine m\u00e1s el coronavirus por donde pasen.. Responsable llamado el que hacen.",
        "owner": {
            "id": "2236483860",
            "is_verified": false,
            "profile_pic_url": "https://instagram.flim8-1.fna.fbcdn.net/v/t51.2885-19/412771763_2275155439339874_272317771051630416_n.jpg?stp=dst-jpg_s150x150&_nc_ht=instagram.flim8-1.fna.fbcdn.net&_nc_cat=102&_nc_ohc=VBHA7VC9dWIQ7kNvgGLgL8X&edm=AMrZAGUBAAAA&ccb=7-5&oh=00_AYDKkcAKnBnqu6jz4MGKocO55i30FgaRaJ2wTdmnm3aZdA&oe=665B7325&_nc_sid=17eaee",
            "username": "carmi.pe"
        },
        "likes_count": 0,
        "answers": []
    },
    {
        "id": "17883895519815984",
        "created_at": 1605061796,
        "text": "\ud83d\udc9a\ud83d\udc9a\ud83d\udc9a\ud83d\udc9a",
        "owner": {
            "id": "510828065",
            "is_verified": false,
            "profile_pic_url": "https://instagram.flim13-1.fna.fbcdn.net/v/t51.2885-19/424835554_1253508052271648_2439599527398212113_n.jpg?stp=dst-jpg_s150x150&_nc_ht=instagram.flim13-1.fna.fbcdn.net&_nc_cat=108&_nc_ohc=2zBzJPvsnb8Q7kNvgHhHPqd&edm=AMrZAGUBAAAA&ccb=7-5&oh=00_AYBoeGKxSZXrgX9DrznEwIyZ5U6zgS2dmcAuai2BL_dFZQ&oe=665B743E&_nc_sid=17eaee",
            "username": "alesoberonc"
        },
        "likes_count": 0,
        "answers": []
    },
    {
        "id": "17846774885462563",
        "created_at": 1605058311,
        "text": "Lo maximo\ud83d\udd1d\ud83d\udd1d\ud83d\udd1d\ud83d\udd1d\ud83d\udc99",
        "owner": {
            "id": "1496637367",
            "is_verified": false,
            "profile_pic_url": "https://instagram.flim9-1.fna.fbcdn.net/v/t51.2885-19/442469297_1115520353020547_5182715984088903247_n.jpg?stp=dst-jpg_s150x150&_nc_ht=instagram.flim9-1.fna.fbcdn.net&_nc_cat=111&_nc_ohc=jxi4UH1M0AYQ7kNvgFmyfJf&edm=AMrZAGUBAAAA&ccb=7-5&oh=00_AYDWcBG-fLoaa0yRLHvqUNYuhM-SQ-w-Vvec5MM9pdggrg&oe=665B8DAF&_nc_sid=17eaee",
            "username": "lizsanteg"
        },
        "likes_count": 0,
        "answers": []
    },
    {
        "id": "18112024309195031",
        "created_at": 1605058142,
        "text": "Team Economica presente\ud83d\udc9a\ud83d\udc9a",
        "owner": {
            "id": "1600193487",
            "is_verified": false,
            "profile_pic_url": "https://instagram.flim9-1.fna.fbcdn.net/v/t51.2885-19/439987090_316550451249246_4217105103283871124_n.jpg?stp=dst-jpg_s150x150&_nc_ht=instagram.flim9-1.fna.fbcdn.net&_nc_cat=106&_nc_ohc=1ZXZlZPv5SwQ7kNvgF2F2nT&edm=AMrZAGUBAAAA&ccb=7-5&oh=00_AYCsOMLS2t2zrOn-aXuinvKvoM81-pQ7Fxo_sFq1VePXNw&oe=665B733D&_nc_sid=17eaee",
            "username": "angiequispe_"
        },
        "likes_count": 1,
        "answers": []
    },
    {
        "id": "17846346014422019",
        "created_at": 1605057420,
        "text": "@daniel_medrano_t Buen\u00edsimo trabajo direc! \ud83d\ude4c",
        "owner": {
            "id": "373143153",
            "is_verified": false,
            "profile_pic_url": "https://instagram.flim13-1.fna.fbcdn.net/v/t51.2885-19/446194452_464234669302858_7848477398630840791_n.jpg?stp=dst-jpg_s150x150&_nc_ht=instagram.flim13-1.fna.fbcdn.net&_nc_cat=110&_nc_ohc=e4X9GmnRDbQQ7kNvgG6VO82&edm=AMrZAGUBAAAA&ccb=7-5&oh=00_AYBplzNXHepr8RQ18U8gljm3xLT0Oe1KmReVU5L-h2oiKg&oe=665B7A22&_nc_sid=17eaee",
            "username": "antuanetpuelles"
        },
        "likes_count": 1,
        "answers": []
    }
]