[
    {
        "id": "17888676161230073",
        "created_at": 1626922114,
        "text": "Hola \ud83d\udc4b seguir a @ikonomosperu es un emprendimiento de estudiantes.  donde se aprende de manera sencilla y divertida \ud83e\udd29 sobre econom\u00eda \ud83d\udcb0\ud83d\udcb3\ud83d\udcb4",
        "owner": {
            "id": "1984699761",
            "is_verified": false,
            "profile_pic_url": "https://instagram.flim9-1.fna.fbcdn.net/v/t51.2885-19/440059891_833390135276563_4257204389383387463_n.jpg?stp=dst-jpg_s150x150&_nc_ht=instagram.flim9-1.fna.fbcdn.net&_nc_cat=107&_nc_ohc=tp9Y3uI1xIEQ7kNvgHtCyFI&edm=AMrZAGUBAAAA&ccb=7-5&oh=00_AYBGL1lSESbBn5Ch-T64i5EJU3sM-t8kslqvrXHJIVokwg&oe=665B7E93&_nc_sid=17eaee",
            "username": "mily_alcazar12"
        },
        "likes_count": 0,
        "answers": []
    }
]