[
    {
        "id": "17884862360277664",
        "created_at": 1620883673,
        "text": "Genial... Y en Youtube tambi\u00e9n hay ?",
        "owner": {
            "id": "5801324003",
            "is_verified": false,
            "profile_pic_url": "https://instagram.flim8-1.fna.fbcdn.net/v/t51.2885-19/424464999_1032100621225179_1645954751468636676_n.jpg?stp=dst-jpg_s150x150&_nc_ht=instagram.flim8-1.fna.fbcdn.net&_nc_cat=103&_nc_ohc=L4f47HBrdUUQ7kNvgHHeyBV&edm=AMrZAGUBAAAA&ccb=7-5&oh=00_AYANdJlYTU5s3adm9zU7eURtMUxkh14t8bCWM_6ar6n4fQ&oe=665B684F&_nc_sid=17eaee",
            "username": "dn26crz"
        },
        "likes_count": 1,
        "answers": [
            {
                "id": 17898077918001453,
                "created_at": 1620924018,
                "text": "@dn26crz en nuestro canal de YouTube puedes encontrar entrevistas referentes a temas coyunturales\ud83d\udcf2 (link en bio)",
                "owner": {
                    "id": "7228077074",
                    "is_verified": false,
                    "profile_pic_url": "https://instagram.flim13-1.fna.fbcdn.net/v/t51.2885-19/198545181_2880714405529556_8549079883861304013_n.jpg?stp=dst-jpg_s150x150&_nc_ht=instagram.flim13-1.fna.fbcdn.net&_nc_cat=108&_nc_ohc=PfW9nKqgVcIQ7kNvgHA-QE8&edm=AMrZAGUBAAAA&ccb=7-5&oh=00_AYCeUvDKB7VqdfhLHeEky2RyAC_tXzRAu9IzpAso21tOcg&oe=665B8EF9&_nc_sid=17eaee",
                    "username": "economicaperu"
                },
                "likes_count": 0
            }
        ]
    },
    {
        "id": "17925534652599625",
        "created_at": 1620868020,
        "text": "@luzmariapaccocordovanew @melarixx @rocio_ortega8 @anthony_cruz_sosa chequeen estooo \ud83d\udd1d\ud83d\udd1d\ud83d\udd1d\ud83d\udd1d\ud83d\udd1d\ud83d\ude2f",
        "owner": {
            "id": "1130585852",
            "is_verified": false,
            "profile_pic_url": "https://instagram.flim9-1.fna.fbcdn.net/v/t51.2885-19/342070232_172351062416755_6105398416946349491_n.jpg?stp=dst-jpg_s150x150&_nc_ht=instagram.flim9-1.fna.fbcdn.net&_nc_cat=107&_nc_ohc=a9ICH0cO9zkQ7kNvgEB2Iov&edm=AMrZAGUBAAAA&ccb=7-5&oh=00_AYD7o22fi4d1HrqtT5HDrpuSiTA05yApWb0oO5MUcUwiLA&oe=665B640F&_nc_sid=17eaee",
            "username": "abbynataly"
        },
        "likes_count": 4,
        "answers": []
    },
    {
        "id": "17932202692546841",
        "created_at": 1620867350,
        "text": "Excelente iniciativa \ud83d\udcaf\ud83d\udcaf\ud83d\udcaf",
        "owner": {
            "id": "1130585852",
            "is_verified": false,
            "profile_pic_url": "https://instagram.flim9-1.fna.fbcdn.net/v/t51.2885-19/342070232_172351062416755_6105398416946349491_n.jpg?stp=dst-jpg_s150x150&_nc_ht=instagram.flim9-1.fna.fbcdn.net&_nc_cat=107&_nc_ohc=a9ICH0cO9zkQ7kNvgEB2Iov&edm=AMrZAGUBAAAA&ccb=7-5&oh=00_AYD7o22fi4d1HrqtT5HDrpuSiTA05yApWb0oO5MUcUwiLA&oe=665B640F&_nc_sid=17eaee",
            "username": "abbynataly"
        },
        "likes_count": 1,
        "answers": []
    },
    {
        "id": "17876471387303417",
        "created_at": 1620861017,
        "text": "Genial!",
        "owner": {
            "id": "333012933",
            "is_verified": false,
            "profile_pic_url": "https://instagram.flim13-1.fna.fbcdn.net/v/t51.2885-19/429924843_305848512509156_1850978807676131543_n.jpg?stp=dst-jpg_s150x150&_nc_ht=instagram.flim13-1.fna.fbcdn.net&_nc_cat=108&_nc_ohc=McSycovp8WAQ7kNvgExOlYF&edm=AMrZAGUBAAAA&ccb=7-5&oh=00_AYB7KF_uDsj72PDH7yTqIJjNmJ78k_WLexxsecER_DGqVg&oe=665B60AA&_nc_sid=17eaee",
            "username": "enriq.27"
        },
        "likes_count": 1,
        "answers": []
    },
    {
        "id": "18131369278174065",
        "created_at": 1620857138,
        "text": "Promote it on @emperorrecords_",
        "owner": {
            "id": "47834377338",
            "is_verified": false,
            "profile_pic_url": "https://instagram.flim13-1.fna.fbcdn.net/v/t51.2885-19/274540106_3096101390628325_4934216668546649996_n.jpg?stp=dst-jpg_s150x150&_nc_ht=instagram.flim13-1.fna.fbcdn.net&_nc_cat=101&_nc_ohc=LY-6fIAzabQQ7kNvgG8r8p_&edm=AMrZAGUBAAAA&ccb=7-5&oh=00_AYCUWcW2YLUYs6vhqCKylG5oZbVRJ__31X6Tftqow_IVnQ&oe=665B6003&_nc_sid=17eaee",
            "username": "mila_abigail_"
        },
        "likes_count": 0,
        "answers": []
    }
]