[
    {
        "id": "17900750593872413",
        "created_at": 1616882152,
        "text": "debe ser inclusiva y no usurera",
        "owner": {
            "id": "6789371631",
            "is_verified": false,
            "profile_pic_url": "https://instagram.fcgh5-1.fna.fbcdn.net/v/t51.2885-19/44884218_345707102882519_2446069589734326272_n.jpg?_nc_ad=z-m&_nc_ht=instagram.fcgh5-1.fna.fbcdn.net&_nc_cat=1&_nc_ohc=hzidlFdfQAUQ7kNvgENMAXg&edm=AGqCYasBAAAA&ccb=7-5&ig_cache_key=YW5vbnltb3VzX3Byb2ZpbGVfcGlj.2-ccb7-5&oh=00_AYCFuwstwDVPfUnHLFhvIXMl-o3yivQf-M4FmcGxc6J8MQ&oe=665B650F&_nc_sid=6c5dea",
            "username": "auditor1964"
        },
        "likes_count": 0,
        "answers": []
    },
    {
        "id": "17920573294585135",
        "created_at": 1616882116,
        "text": "esta es una ley pro bancos",
        "owner": {
            "id": "6789371631",
            "is_verified": false,
            "profile_pic_url": "https://instagram.fcgh5-1.fna.fbcdn.net/v/t51.2885-19/44884218_345707102882519_2446069589734326272_n.jpg?_nc_ad=z-m&_nc_ht=instagram.fcgh5-1.fna.fbcdn.net&_nc_cat=1&_nc_ohc=hzidlFdfQAUQ7kNvgENMAXg&edm=AGqCYasBAAAA&ccb=7-5&ig_cache_key=YW5vbnltb3VzX3Byb2ZpbGVfcGlj.2-ccb7-5&oh=00_AYCFuwstwDVPfUnHLFhvIXMl-o3yivQf-M4FmcGxc6J8MQ&oe=665B650F&_nc_sid=6c5dea",
            "username": "auditor1964"
        },
        "likes_count": 0,
        "answers": []
    }
]