[
    {
        "id": "17918104085097043",
        "created_at": 1638233684,
        "text": "@danielacheros @adria_marcelo_8 :o",
        "owner": {
            "id": "6340396336",
            "is_verified": false,
            "profile_pic_url": "https://instagram.flim8-1.fna.fbcdn.net/v/t51.2885-19/69568571_498987290942894_306303916360859648_n.jpg?stp=dst-jpg_s150x150&_nc_ht=instagram.flim8-1.fna.fbcdn.net&_nc_cat=102&_nc_ohc=ur7hgpETtMsQ7kNvgHSd7lL&edm=AMrZAGUBAAAA&ccb=7-5&oh=00_AYAcbBtdJgjgPmQFAdRJ0XJp6kNnY74L_GlFPEghzQ57_g&oe=665B73DF&_nc_sid=17eaee",
            "username": "tefogd"
        },
        "likes_count": 1,
        "answers": []
    },
    {
        "id": "17881735361569431",
        "created_at": 1638165990,
        "text": "Ya me inscrib\u00ed \ud83d\ude0c",
        "owner": {
            "id": "633253053",
            "is_verified": false,
            "profile_pic_url": "https://instagram.flim8-1.fna.fbcdn.net/v/t51.2885-19/354237790_704169011116502_8031912385552640379_n.jpg?stp=dst-jpg_s150x150&_nc_ht=instagram.flim8-1.fna.fbcdn.net&_nc_cat=102&_nc_ohc=R1wonxgfNx0Q7kNvgH5XOqt&edm=AMrZAGUBAAAA&ccb=7-5&oh=00_AYCpALr_IAH_8ylIIY40scBBxV11ugL2QNBWGp6nHKl2tA&oe=665B8790&_nc_sid=17eaee",
            "username": "milena.jg"
        },
        "likes_count": 0,
        "answers": []
    },
    {
        "id": "18178131040094808",
        "created_at": 1638162363,
        "text": "@nadjaflorian @fatima_ktr @magmma_ lo que busc\u00e1bamos \ud83e\udd27",
        "owner": {
            "id": "1144189113",
            "is_verified": false,
            "profile_pic_url": "https://instagram.flim8-1.fna.fbcdn.net/v/t51.2885-19/339352865_768836458194244_7704038518324489548_n.jpg?stp=dst-jpg_s150x150&_nc_ht=instagram.flim8-1.fna.fbcdn.net&_nc_cat=104&_nc_ohc=2b65WV_LGBMQ7kNvgFGEHgE&edm=AMrZAGUBAAAA&ccb=7-5&oh=00_AYAZDfXBYDWBS02ict8gh7GgIr_z8k-BqnEoe3kSdyKzJg&oe=665B90D4&_nc_sid=17eaee",
            "username": "ninnaalexandra"
        },
        "likes_count": 1,
        "answers": []
    },
    {
        "id": "17862437981640907",
        "created_at": 1638159297,
        "text": "@kelly.ramirez16 mira bb",
        "owner": {
            "id": "1496637367",
            "is_verified": false,
            "profile_pic_url": "https://instagram.flim9-1.fna.fbcdn.net/v/t51.2885-19/442469297_1115520353020547_5182715984088903247_n.jpg?stp=dst-jpg_s150x150&_nc_ht=instagram.flim9-1.fna.fbcdn.net&_nc_cat=111&_nc_ohc=jxi4UH1M0AYQ7kNvgFmyfJf&edm=AMrZAGUBAAAA&ccb=7-5&oh=00_AYDWcBG-fLoaa0yRLHvqUNYuhM-SQ-w-Vvec5MM9pdggrg&oe=665B8DAF&_nc_sid=17eaee",
            "username": "lizsanteg"
        },
        "likes_count": 2,
        "answers": [
            {
                "id": 17987821696417428,
                "created_at": 1638192343,
                "text": "@lizsante \ud83d\udc40\ud83d\udc40",
                "owner": {
                    "id": "1420895636",
                    "is_verified": false,
                    "profile_pic_url": "https://instagram.flim13-1.fna.fbcdn.net/v/t51.2885-19/445682025_1176001730064178_1030517249843204251_n.jpg?stp=dst-jpg_s150x150&_nc_ht=instagram.flim13-1.fna.fbcdn.net&_nc_cat=110&_nc_ohc=NBvhcsFt3qMQ7kNvgFMkmDy&edm=AMrZAGUBAAAA&ccb=7-5&oh=00_AYAr38e7-JFP3htMqNLPu-iyMRp87wU1mNtxm5r96wKJdg&oe=665B6F63&_nc_sid=17eaee",
                    "username": "luperamirez___"
                },
                "likes_count": 1
            }
        ]
    },
    {
        "id": "17874181229543133",
        "created_at": 1638159162,
        "text": "Me interesa, cual es el costo del taller?",
        "owner": {
            "id": "8340134058",
            "is_verified": false,
            "profile_pic_url": "https://instagram.frec7-1.fna.fbcdn.net/v/t51.2885-19/44884218_345707102882519_2446069589734326272_n.jpg?_nc_ht=instagram.frec7-1.fna.fbcdn.net&_nc_cat=1&_nc_ohc=hzidlFdfQAUQ7kNvgFNVcSr&edm=ALlQn9MBAAAA&ccb=7-5&ig_cache_key=YW5vbnltb3VzX3Byb2ZpbGVfcGlj.2-ccb7-5&oh=00_AYCp_SldKfmRMpdFQeP7XDHBFiAhS1o_bLrAyRg6YHVXmQ&oe=665B650F&_nc_sid=e7f676",
            "username": "templofernando"
        },
        "likes_count": 1,
        "answers": []
    },
    {
        "id": "17889733382444469",
        "created_at": 1638159127,
        "text": "No me lo pierdo!",
        "owner": {
            "id": "1144189113",
            "is_verified": false,
            "profile_pic_url": "https://instagram.flim8-1.fna.fbcdn.net/v/t51.2885-19/339352865_768836458194244_7704038518324489548_n.jpg?stp=dst-jpg_s150x150&_nc_ht=instagram.flim8-1.fna.fbcdn.net&_nc_cat=104&_nc_ohc=2b65WV_LGBMQ7kNvgFGEHgE&edm=AMrZAGUBAAAA&ccb=7-5&oh=00_AYAZDfXBYDWBS02ict8gh7GgIr_z8k-BqnEoe3kSdyKzJg&oe=665B90D4&_nc_sid=17eaee",
            "username": "ninnaalexandra"
        },
        "likes_count": 1,
        "answers": []
    }
]