[
    {
        "id": "17955342706524686",
        "created_at": 1635360103,
        "text": "Hola estoy interesado!",
        "owner": {
            "id": "1200557650",
            "is_verified": false,
            "profile_pic_url": "https://scontent-sjc3-1.cdninstagram.com/v/t51.2885-19/44884218_345707102882519_2446069589734326272_n.jpg?_nc_ht=scontent-sjc3-1.cdninstagram.com&_nc_cat=1&_nc_ohc=hzidlFdfQAUQ7kNvgHRfGud&edm=AFs-eF8BAAAA&ccb=7-5&ig_cache_key=YW5vbnltb3VzX3Byb2ZpbGVfcGlj.2-ccb7-5&oh=00_AYAro47qJkRuAJ3DuPD2aiA9GJMX4MII_R4pCp76uFxeWg&oe=665B650F&_nc_sid=72eed0",
            "username": "seihannoriega"
        },
        "likes_count": 0,
        "answers": []
    },
    {
        "id": "17972711167443082",
        "created_at": 1634947634,
        "text": "@adasofili",
        "owner": {
            "id": "3120724649",
            "is_verified": false,
            "profile_pic_url": "https://instagram.flim9-1.fna.fbcdn.net/v/t51.2885-19/441690921_1564900134070031_358444252843629428_n.jpg?stp=dst-jpg_s150x150&_nc_ht=instagram.flim9-1.fna.fbcdn.net&_nc_cat=111&_nc_ohc=1umIWMcdmdMQ7kNvgHnRvLS&edm=AMrZAGUBAAAA&ccb=7-5&oh=00_AYC_1w8AyE2BKqnhFPVWvuQkttHAaK6WaQiqz_7KnIv5Yw&oe=665B8CB1&_nc_sid=17eaee",
            "username": "fabian23_lopez"
        },
        "likes_count": 0,
        "answers": [
            {
                "id": 17915379983064855,
                "created_at": 1634950389,
                "text": "@cindy_rosales_21",
                "owner": {
                    "id": "3120724649",
                    "is_verified": false,
                    "profile_pic_url": "https://instagram.flim9-1.fna.fbcdn.net/v/t51.2885-19/441690921_1564900134070031_358444252843629428_n.jpg?stp=dst-jpg_s150x150&_nc_ht=instagram.flim9-1.fna.fbcdn.net&_nc_cat=111&_nc_ohc=1umIWMcdmdMQ7kNvgHnRvLS&edm=AMrZAGUBAAAA&ccb=7-5&oh=00_AYC_1w8AyE2BKqnhFPVWvuQkttHAaK6WaQiqz_7KnIv5Yw&oe=665B8CB1&_nc_sid=17eaee",
                    "username": "fabian23_lopez"
                },
                "likes_count": 1
            }
        ]
    }
]