[
    {
        "id": "17923100395761692",
        "created_at": 1628793107,
        "text": "\u00bfSe necesita o se puede vivir sin ella?",
        "owner": {
            "id": "30675079238",
            "is_verified": false,
            "profile_pic_url": "https://instagram.fjdo1-1.fna.fbcdn.net/v/t51.2885-19/44884218_345707102882519_2446069589734326272_n.jpg?_nc_ht=instagram.fjdo1-1.fna.fbcdn.net&_nc_cat=1&_nc_ohc=hzidlFdfQAUQ7kNvgHeItgL&edm=ALlQn9MBAAAA&ccb=7-5&ig_cache_key=YW5vbnltb3VzX3Byb2ZpbGVfcGlj.2-ccb7-5&oh=00_AYBDu5LCtAKkOIr11aAsawQuN4EhHsY-RkLl2IH9bZYvnA&oe=665B650F&_nc_sid=e7f676",
            "username": "ladeel908"
        },
        "likes_count": 0,
        "answers": [
            {
                "id": 18242611807060046,
                "created_at": 1628865492,
                "text": "@fromdeliciousness Muchas gracias",
                "owner": {
                    "id": "30675079238",
                    "profile_pic_url": "https://instagram.fssa28-1.fna.fbcdn.net/v/t51.2885-19/44884218_345707102882519_2446069589734326272_n.jpg?_nc_ht=instagram.fssa28-1.fna.fbcdn.net&_nc_cat=1&_nc_ohc=hzidlFdfQAUQ7kNvgHDkvAy&edm=AB11_MABAAAA&ccb=7-5&ig_cache_key=YW5vbnltb3VzX3Byb2ZpbGVfcGlj.2-ccb7-5&oh=00_AYCSmdltUFIHiJyT38mv_SARgiFg6OQ0faBxOZrtrjBb7w&oe=665B650F&_nc_sid=dc5e7f",
                    "username": "ladeel908"
                },
                "likes_count": 0
            }
        ]
    },
    {
        "id": "18129169912210064",
        "created_at": 1628702552,
        "text": "\ud83d\udc4f",
        "owner": {
            "id": "373143153",
            "is_verified": false,
            "profile_pic_url": "https://instagram.flim13-1.fna.fbcdn.net/v/t51.2885-19/446194452_464234669302858_7848477398630840791_n.jpg?stp=dst-jpg_s150x150&_nc_ht=instagram.flim13-1.fna.fbcdn.net&_nc_cat=110&_nc_ohc=e4X9GmnRDbQQ7kNvgG6VO82&edm=AMrZAGUBAAAA&ccb=7-5&oh=00_AYBplzNXHepr8RQ18U8gljm3xLT0Oe1KmReVU5L-h2oiKg&oe=665B7A22&_nc_sid=17eaee",
            "username": "antuanetpuelles"
        },
        "likes_count": 0,
        "answers": []
    },
    {
        "id": "17937155995594698",
        "created_at": 1628654111,
        "text": "Gracias!!",
        "owner": {
            "id": "13851658916",
            "is_verified": false,
            "profile_pic_url": "https://instagram.flim13-1.fna.fbcdn.net/v/t51.2885-19/259448270_352844976601069_5793454937692693206_n.jpg?stp=dst-jpg_s150x150&_nc_ht=instagram.flim13-1.fna.fbcdn.net&_nc_cat=101&_nc_ohc=q-XCFjmvNTMQ7kNvgHIjLa3&edm=AMrZAGUBAAAA&ccb=7-5&oh=00_AYBd7pvdlj8h555DO2UKd9LWQ-puCswybh2q7-F823UIkQ&oe=665B797B&_nc_sid=17eaee",
            "username": "marisela_luyo"
        },
        "likes_count": 0,
        "answers": []
    },
    {
        "id": "17907748034014559",
        "created_at": 1628630351,
        "text": "Excelente informaci\u00f3n, gracias por compartirlo \ud83d\udc4f",
        "owner": {
            "id": "6226989583",
            "is_verified": false,
            "profile_pic_url": "https://instagram.flim8-1.fna.fbcdn.net/v/t51.2885-19/361501924_1282455689045414_8074545975138803259_n.jpg?stp=dst-jpg_s150x150&_nc_ht=instagram.flim8-1.fna.fbcdn.net&_nc_cat=102&_nc_ohc=UpH-6aoQTF0Q7kNvgGbZn61&edm=AMrZAGUBAAAA&ccb=7-5&oh=00_AYA2uJFdDCW74MR4eBZxD0S-xIaqwJjwKsdJ8LhEIB-L7w&oe=665B6A21&_nc_sid=17eaee",
            "username": "diegoaguilarromo"
        },
        "likes_count": 3,
        "answers": []
    }
]