[
    {
        "id": "17937851773736252",
        "created_at": 1637268366,
        "text": "@claur.23 \ud83d\udd1d\ud83d\udd1d",
        "owner": {
            "id": "1514126909",
            "is_verified": false,
            "profile_pic_url": "https://instagram.flim9-1.fna.fbcdn.net/v/t51.2885-19/325928986_552721520240877_1821547775802570705_n.jpg?stp=dst-jpg_s150x150&_nc_ht=instagram.flim9-1.fna.fbcdn.net&_nc_cat=109&_nc_ohc=0PCAyRRUhxMQ7kNvgHbiRQ5&edm=AMrZAGUBAAAA&ccb=7-5&oh=00_AYA7aTk9wLi0gTbcB5hlgEvzP00qE3Umc8Cut10yEtFoZA&oe=665B728D&_nc_sid=17eaee",
            "username": "cancer_right_s"
        },
        "likes_count": 1,
        "answers": []
    },
    {
        "id": "18001830742375288",
        "created_at": 1636776136,
        "text": "@joaraujo2211 que churro",
        "owner": {
            "id": "770545930",
            "is_verified": false,
            "profile_pic_url": "https://instagram.flim8-1.fna.fbcdn.net/v/t51.2885-19/433165004_329685896279532_3522369453390265340_n.jpg?stp=dst-jpg_s150x150&_nc_ht=instagram.flim8-1.fna.fbcdn.net&_nc_cat=100&_nc_ohc=BPutucV2okMQ7kNvgE7zjHF&edm=AMrZAGUBAAAA&ccb=7-5&oh=00_AYB2G6JfJj6xh8vRajMuzbAqnOBBBxoaBdjwpgBMiVe0dw&oe=665B8F60&_nc_sid=17eaee",
            "username": "maria.lopezl"
        },
        "likes_count": 1,
        "answers": [
            {
                "id": 17944100680620920,
                "created_at": 1636776455,
                "text": "@maria.lopezl gracias bb \ud83d\ude18",
                "owner": {
                    "id": "6309702699",
                    "is_verified": false,
                    "profile_pic_url": "https://scontent-iad3-1.cdninstagram.com/v/t51.2885-19/44884218_345707102882519_2446069589734326272_n.jpg?_nc_ht=scontent-iad3-1.cdninstagram.com&_nc_cat=1&_nc_ohc=hzidlFdfQAUQ7kNvgFzj9_E&edm=AAAAAAABAAAA&ccb=7-5&ig_cache_key=YW5vbnltb3VzX3Byb2ZpbGVfcGlj.2-ccb7-5&oh=00_AYCpT94BCwJrLPJQQbrpNAiXS5TCa384aO65Z-zkqCL5BA&oe=665B650F&_nc_sid=2c5659",
                    "username": "jo.araujog"
                },
                "likes_count": 1
            }
        ]
    }
]