[
    {
        "id": "17952619177448921",
        "created_at": 1620868724,
        "text": "@luzmariapaccocordovanew \ud83d\ude2f\ud83d\ude2f\ud83d\ude2f\ud83d\ude2f",
        "owner": {
            "id": "1130585852",
            "is_verified": false,
            "profile_pic_url": "https://instagram.flim9-1.fna.fbcdn.net/v/t51.2885-19/342070232_172351062416755_6105398416946349491_n.jpg?stp=dst-jpg_s150x150&_nc_ht=instagram.flim9-1.fna.fbcdn.net&_nc_cat=107&_nc_ohc=a9ICH0cO9zkQ7kNvgEB2Iov&edm=AMrZAGUBAAAA&ccb=7-5&oh=00_AYD7o22fi4d1HrqtT5HDrpuSiTA05yApWb0oO5MUcUwiLA&oe=665B640F&_nc_sid=17eaee",
            "username": "abbynataly"
        },
        "likes_count": 1,
        "answers": []
    },
    {
        "id": "17895023573040931",
        "created_at": 1620339992,
        "text": "@fer.nanda22 @miabustamante.t \ud83d\ude4c\ud83c\udffc",
        "owner": {
            "id": "782396775",
            "is_verified": false,
            "profile_pic_url": "https://instagram.flim13-1.fna.fbcdn.net/v/t51.2885-19/346269961_586768299918982_6998566929313855928_n.jpg?stp=dst-jpg_s150x150&_nc_ht=instagram.flim13-1.fna.fbcdn.net&_nc_cat=110&_nc_ohc=MGrkSn-fCi0Q7kNvgHXE46i&edm=AMrZAGUBAAAA&ccb=7-5&oh=00_AYDPMPhsdms2hdd8lxGt56Ux350LmBb3ZM1TQ1aT1gj-IA&oe=665B7A7F&_nc_sid=17eaee",
            "username": "alebustamante.t"
        },
        "likes_count": 0,
        "answers": []
    },
    {
        "id": "17948745652438475",
        "created_at": 1620338098,
        "text": "@salinass.07",
        "owner": {
            "id": "7335458494",
            "is_verified": false,
            "profile_pic_url": "https://instagram.flim13-1.fna.fbcdn.net/v/t51.2885-19/441429036_798737511845917_1712160281869937709_n.jpg?stp=dst-jpg_s150x150&_nc_ht=instagram.flim13-1.fna.fbcdn.net&_nc_cat=101&_nc_ohc=-8ElzAyBUHwQ7kNvgHiEsAs&edm=AMrZAGUBAAAA&ccb=7-5&oh=00_AYCuMuIW2_wzxrEg5Or_P0o2O1agOk0eZfU5Fusvuv9kbw&oe=665B95CB&_nc_sid=17eaee",
            "username": "jhoelarce"
        },
        "likes_count": 0,
        "answers": []
    },
    {
        "id": "17927841910562212",
        "created_at": 1620337359,
        "text": "@anibejarano190392 \ud83d\udd25\ud83d\udd25 m\u00e1s platita",
        "owner": {
            "id": "4088740679",
            "is_verified": false,
            "profile_pic_url": "https://instagram.flim13-1.fna.fbcdn.net/v/t51.2885-19/420963186_1860424721046334_8317012358125530356_n.jpg?stp=dst-jpg_s150x150&_nc_ht=instagram.flim13-1.fna.fbcdn.net&_nc_cat=110&_nc_ohc=cDXtCBQ7kx0Q7kNvgFs8ESc&edm=AMrZAGUBAAAA&ccb=7-5&oh=00_AYBhgcQHO-pttYAXyfOmIPHiBfpsnQ1GRUj9Ra1yjgQfeg&oe=665B679A&_nc_sid=17eaee",
            "username": "javisalazar_finance"
        },
        "likes_count": 0,
        "answers": []
    },
    {
        "id": "17922810757610729",
        "created_at": 1620335221,
        "text": "@kgonzales.2717",
        "owner": {
            "id": "4008392765",
            "is_verified": false,
            "profile_pic_url": "https://instagram.flim9-1.fna.fbcdn.net/v/t51.2885-19/411441915_345395705057327_8082828294227934112_n.jpg?stp=dst-jpg_s150x150&_nc_ht=instagram.flim9-1.fna.fbcdn.net&_nc_cat=111&_nc_ohc=wF3piKDmoFQQ7kNvgG2Ouvn&edm=AMrZAGUBAAAA&ccb=7-5&oh=00_AYD8mBSJuTmp-r7l3C9POHGAN0GAYiP6w40Bh-J7plfLGQ&oe=665B8BE3&_nc_sid=17eaee",
            "username": "jmgonzales24"
        },
        "likes_count": 0,
        "answers": []
    }
]