[
    {
        "id": "17902898435336676",
        "created_at": 1635639235,
        "text": "En simple cristiano... todo se va encarecer a full",
        "owner": {
            "id": "46086514558",
            "is_verified": false,
            "profile_pic_url": "https://instagram.flim8-1.fna.fbcdn.net/v/t51.2885-19/158725259_905885580147664_7718219158462352916_n.jpg?stp=dst-jpg_s150x150&_nc_ht=instagram.flim8-1.fna.fbcdn.net&_nc_cat=104&_nc_ohc=VOKFV-ORq2MQ7kNvgFu552G&edm=AMrZAGUBAAAA&ccb=7-5&oh=00_AYBCOrNwxhAsCt1Rals6T8ruBAtKWjTe3kgpc1W13O_r6g&oe=665B7DBC&_nc_sid=17eaee",
            "username": "almighty_11_11"
        },
        "likes_count": 0,
        "answers": []
    }
]