[
    {
        "id": "17842685081564285",
        "created_at": 1616122962,
        "text": "Buen Plan hecho por el asesor de Forsyth, pero Forsyth siquiera entiende lo que dice su propio plan?",
        "owner": {
            "id": "4264376086",
            "is_verified": false,
            "profile_pic_url": "https://instagram.flim8-1.fna.fbcdn.net/v/t51.2885-19/414695404_728939509164747_6930662565161303521_n.jpg?stp=dst-jpg_s150x150&_nc_ht=instagram.flim8-1.fna.fbcdn.net&_nc_cat=103&_nc_ohc=zE5Ruia7wqoQ7kNvgFGKd01&edm=AMrZAGUBAAAA&ccb=7-5&oh=00_AYBdQWeWwNhasolCqqCI4rxn7_5wl5MfWj-FyMo-N6jqhQ&oe=665B624B&_nc_sid=17eaee",
            "username": "steph.basurto"
        },
        "likes_count": 1,
        "answers": []
    },
    {
        "id": "17874258158321159",
        "created_at": 1616119197,
        "text": "\ud83e\udde2\ud83d\udc4f\ud83c\udffc",
        "owner": {
            "id": "348432844",
            "is_verified": false,
            "profile_pic_url": "https://instagram.flim9-1.fna.fbcdn.net/v/t51.2885-19/127456586_193207265696563_7982925901363210142_n.jpg?stp=dst-jpg_s150x150&_nc_ht=instagram.flim9-1.fna.fbcdn.net&_nc_cat=107&_nc_ohc=WplX1SFrlaIQ7kNvgHIX8dY&edm=AMrZAGUBAAAA&ccb=7-5&oh=00_AYCDCO-0BnwZHLMA8WvnCgIk5mi4RofePEx5sTuLaA9Skg&oe=665B7933&_nc_sid=17eaee",
            "username": "milimendozab"
        },
        "likes_count": 0,
        "answers": []
    },
    {
        "id": "17941775476457011",
        "created_at": 1616112874,
        "text": "\ud83d\udc4f\ud83d\udc4f",
        "owner": {
            "id": "13511293280",
            "is_verified": false,
            "profile_pic_url": "https://instagram.flim13-1.fna.fbcdn.net/v/t51.2885-19/291749806_834636531258061_3372520284977330603_n.jpg?stp=dst-jpg_s150x150&_nc_ht=instagram.flim13-1.fna.fbcdn.net&_nc_cat=101&_nc_ohc=uO1LSx1Lto8Q7kNvgElrrem&edm=AMrZAGUBAAAA&ccb=7-5&oh=00_AYApVh0WhYZaZBwBA9RUu0hbXcV-OG0OBuiuMal3TJqTcQ&oe=665B8911&_nc_sid=17eaee",
            "username": "evananortiz"
        },
        "likes_count": 0,
        "answers": []
    },
    {
        "id": "17888929393984203",
        "created_at": 1616111287,
        "text": "Informaci\u00f3n muy did\u00e1ctica, felicitaciones \ud83d\udc4f",
        "owner": {
            "id": "366363968",
            "is_verified": false,
            "profile_pic_url": "https://instagram.flim9-1.fna.fbcdn.net/v/t51.2885-19/441027202_2152291928440403_775160769204273226_n.jpg?stp=dst-jpg_s150x150&_nc_ht=instagram.flim9-1.fna.fbcdn.net&_nc_cat=111&_nc_ohc=leDdc8HFIUYQ7kNvgG9jzxK&edm=AMrZAGUBAAAA&ccb=7-5&oh=00_AYBE7fBkTcSYbQJxycMh4T1BsV8MiMSXSzA2D0971AnZrA&oe=665B7177&_nc_sid=17eaee",
            "username": "jamerquiroga"
        },
        "likes_count": 1,
        "answers": []
    }
]