[
    {
        "id": "18225059263071891",
        "created_at": 1624760531,
        "text": "Gracias a Pedro Frankie muy visionario su pol\u00edtica econ\u00f3mica",
        "owner": {
            "id": "7586250882",
            "is_verified": false,
            "profile_pic_url": "https://instagram.flim9-1.fna.fbcdn.net/v/t51.2885-19/290289767_1475391732918755_1873781899193455739_n.jpg?stp=dst-jpg_s150x150&_nc_ht=instagram.flim9-1.fna.fbcdn.net&_nc_cat=111&_nc_ohc=CYWC738v3IkQ7kNvgF95BTV&edm=AMrZAGUBAAAA&ccb=7-5&oh=00_AYADVYzXqIGNvsW6f9-iBMhMKT2MZlHtzKFoTB96dXBSEA&oe=665B67EB&_nc_sid=17eaee",
            "username": "elvisgbz"
        },
        "likes_count": 0,
        "answers": []
    }
]