[
    {
        "id": "17902808704825224",
        "created_at": 1619311882,
        "text": "\ud83d\udc4f\ud83d\udc4f\ud83d\udc4f\ud83d\udc4f",
        "owner": {
            "id": "680712303",
            "is_verified": false,
            "profile_pic_url": "https://instagram.flim8-1.fna.fbcdn.net/v/t51.2885-19/326276650_864434871442804_735496185304659362_n.jpg?stp=dst-jpg_s150x150&_nc_ht=instagram.flim8-1.fna.fbcdn.net&_nc_cat=104&_nc_ohc=_U4fbkEdtccQ7kNvgEEtENQ&edm=AMrZAGUBAAAA&ccb=7-5&oh=00_AYA-nIYOPfCEqsIaDpkyCkf9JAI3uYnrb58XgLVHaAMCzg&oe=665B7339&_nc_sid=17eaee",
            "username": "hintecole"
        },
        "likes_count": 0,
        "answers": []
    },
    {
        "id": "17893807316024054",
        "created_at": 1619273729,
        "text": "\ud83d\udc4f\ud83d\udc4f\ud83d\udc4f",
        "owner": {
            "id": "338082260",
            "is_verified": false,
            "profile_pic_url": "https://instagram.flim13-1.fna.fbcdn.net/v/t51.2885-19/334280629_903747710875649_4677254289534337943_n.jpg?stp=dst-jpg_s150x150&_nc_ht=instagram.flim13-1.fna.fbcdn.net&_nc_cat=105&_nc_ohc=8r_RZMV0M74Q7kNvgGnLdzK&edm=AMrZAGUBAAAA&ccb=7-5&oh=00_AYD01V9yPD5CD6MD7AKht_soaWgSeXffvKhNxWFPcl0-rg&oe=665B6AAC&_nc_sid=17eaee",
            "username": "makiterryalva"
        },
        "likes_count": 0,
        "answers": []
    },
    {
        "id": "18080228737264971",
        "created_at": 1619236771,
        "text": "\ud83d\udc4f\u2764\ufe0f",
        "owner": {
            "id": "1392413566",
            "is_verified": false,
            "profile_pic_url": "https://instagram.flim9-1.fna.fbcdn.net/v/t51.2885-19/416274328_1423894488474983_4856972341471246645_n.jpg?stp=dst-jpg_s150x150&_nc_ht=instagram.flim9-1.fna.fbcdn.net&_nc_cat=111&_nc_ohc=XboLQcOHx78Q7kNvgF5J7NX&edm=AMrZAGUBAAAA&ccb=7-5&oh=00_AYCIazf1Ud-4W_L5R9TzpRNT8GOtDuapdt0dn_PhKqhFtA&oe=665B67B8&_nc_sid=17eaee",
            "username": "emilia_merino"
        },
        "likes_count": 0,
        "answers": []
    },
    {
        "id": "17900377600902717",
        "created_at": 1619228186,
        "text": "\ud83d\udc4f\ud83c\udffc \ud83d\udc4f\ud83c\udffc\ud83d\udc4f\ud83c\udffc",
        "owner": {
            "id": "513755485",
            "is_verified": false,
            "profile_pic_url": "https://instagram.flim8-1.fna.fbcdn.net/v/t51.2885-19/435022092_3743348679282651_5141434137425181199_n.jpg?stp=dst-jpg_s150x150&_nc_ht=instagram.flim8-1.fna.fbcdn.net&_nc_cat=103&_nc_ohc=_L9_QbNt4JMQ7kNvgGOA-eE&edm=AMrZAGUBAAAA&ccb=7-5&oh=00_AYBPSqhRUOcw0ERLIXslrSqYFEcIU_g4sx3Vztq4-O0LPg&oe=665B6A70&_nc_sid=17eaee",
            "username": "tatiana02.12"
        },
        "likes_count": 0,
        "answers": []
    },
    {
        "id": "18122058628206581",
        "created_at": 1619228157,
        "text": "\ud83d\udc4f",
        "owner": {
            "id": "1721019640",
            "is_verified": false,
            "profile_pic_url": "https://instagram.flim13-1.fna.fbcdn.net/v/t51.2885-19/298953259_2209703485864448_4405288510251593053_n.jpg?stp=dst-jpg_s150x150&_nc_ht=instagram.flim13-1.fna.fbcdn.net&_nc_cat=108&_nc_ohc=QYehZr1i10wQ7kNvgGj7HxK&edm=AMrZAGUBAAAA&ccb=7-5&oh=00_AYDRun8AxOFo8E0Qp4g0Gy8Wb0bCsdOcv1Lm9Y2sBNFH-w&oe=665B640B&_nc_sid=17eaee",
            "username": "thais_touzett"
        },
        "likes_count": 0,
        "answers": []
    }
]