[
    {
        "id": "17843208608648185",
        "created_at": 1630643188,
        "text": "@fdelcastillo16",
        "owner": {
            "id": "4497892906",
            "is_verified": false,
            "profile_pic_url": "https://instagram.flim8-1.fna.fbcdn.net/v/t51.2885-19/419057613_1073101707070179_7201747835963926214_n.jpg?stp=dst-jpg_s150x150&_nc_ht=instagram.flim8-1.fna.fbcdn.net&_nc_cat=103&_nc_ohc=ZJbH2d3DkS0Q7kNvgF5oBW0&edm=AMrZAGUBAAAA&ccb=7-5&oh=00_AYCa9xfYykjVyip5VIjjfb0TwqIO3-qeJxpTD6qfYKZyHA&oe=665B77FE&_nc_sid=17eaee",
            "username": "giee_htt"
        },
        "likes_count": 1,
        "answers": []
    },
    {
        "id": "17940487945583847",
        "created_at": 1630636575,
        "text": "\ud83d\ude4c\ud83d\udd25",
        "owner": {
            "id": "1600193487",
            "is_verified": false,
            "profile_pic_url": "https://instagram.flim9-1.fna.fbcdn.net/v/t51.2885-19/439987090_316550451249246_4217105103283871124_n.jpg?stp=dst-jpg_s150x150&_nc_ht=instagram.flim9-1.fna.fbcdn.net&_nc_cat=106&_nc_ohc=1ZXZlZPv5SwQ7kNvgF2F2nT&edm=AMrZAGUBAAAA&ccb=7-5&oh=00_AYCsOMLS2t2zrOn-aXuinvKvoM81-pQ7Fxo_sFq1VePXNw&oe=665B733D&_nc_sid=17eaee",
            "username": "angiequispe_"
        },
        "likes_count": 0,
        "answers": []
    }
]