[
    {
        "id": "17896469981447578",
        "created_at": 1638251297,
        "text": "Muy interesante nota! Un saludo a la escritora! \ud83d\ude4c",
        "owner": {
            "id": "1306337148",
            "is_verified": false,
            "profile_pic_url": "https://instagram.flim9-1.fna.fbcdn.net/v/t51.2885-19/411199022_1431489304066593_3948135374354087541_n.jpg?stp=dst-jpg_s150x150&_nc_ht=instagram.flim9-1.fna.fbcdn.net&_nc_cat=109&_nc_ohc=KEqgergQ8a0Q7kNvgGgfQp4&edm=AMrZAGUBAAAA&ccb=7-5&oh=00_AYCRRhgDXC4jcr231McLgZan4L9Ksy9oDZ_xP_RfSaiZ7w&oe=665B821E&_nc_sid=17eaee",
            "username": "renzotellolaos"
        },
        "likes_count": 0,
        "answers": []
    }
]