[
    {
        "id": "17968375348445737",
        "created_at": 1632163545,
        "text": "El presidente de Indecopi ,una de las principales instituciones del pa\u00eds decide tratar de regular todo .Sobretodo que la empresa p\u00fablica logr\u00e9 desplazar el mercado.Tener precios m\u00e1ximos y m\u00ednimos tratan de que la ley de la oferta y demanda no se cumpla.Cabe recalcar que tiene ideas que no favorecen a la libre competencia",
        "owner": {
            "id": "1999274504",
            "is_verified": false,
            "profile_pic_url": "https://instagram.flim9-1.fna.fbcdn.net/v/t51.2885-19/419074704_1411020499526627_6706454990356557539_n.jpg?stp=dst-jpg_s150x150&_nc_ht=instagram.flim9-1.fna.fbcdn.net&_nc_cat=111&_nc_ohc=QwMtKHr94JYQ7kNvgGP1YK8&edm=AMrZAGUBAAAA&ccb=7-5&oh=00_AYBn2n2exmyOeIo-o_ttXyulOT9NcoQUulCbBe8-F0wCYw&oe=665B6BC5&_nc_sid=17eaee",
            "username": "alexlloveraperez"
        },
        "likes_count": 1,
        "answers": []
    },
    {
        "id": "17890566107383212",
        "created_at": 1632159384,
        "text": "P\u00f3nganse a trabajar, los procesos no los resuelven desde hace a\u00f1os",
        "owner": {
            "id": "3528649741",
            "is_verified": false,
            "profile_pic_url": "https://scontent-iad3-1.cdninstagram.com/v/t51.2885-19/44884218_345707102882519_2446069589734326272_n.jpg?_nc_ht=scontent-iad3-1.cdninstagram.com&_nc_cat=1&_nc_ohc=hzidlFdfQAUQ7kNvgHm1L_i&edm=AAAAAAABAAAA&ccb=7-5&ig_cache_key=YW5vbnltb3VzX3Byb2ZpbGVfcGlj.2-ccb7-5&oh=00_AYC6sN_J40sqPbgGwll9Po0_obo8ggm7_kEpy2KVb7QiVw&oe=665B650F&_nc_sid=2c5659",
            "username": "saa39878"
        },
        "likes_count": 0,
        "answers": []
    }
]