[
    {
        "id": "17903461688139664",
        "created_at": 1630027823,
        "text": "Que pena que en instagram no exista la reacci\u00f3n \"me divierte\"",
        "owner": {
            "id": "47947887546",
            "is_verified": false,
            "profile_pic_url": "https://instagram.flim8-1.fna.fbcdn.net/v/t51.2885-19/394655904_1381822879382162_1820510124999706720_n.jpg?stp=dst-jpg_s150x150&_nc_ht=instagram.flim8-1.fna.fbcdn.net&_nc_cat=102&_nc_ohc=6yFpb0uowkoQ7kNvgGV41cF&edm=AMrZAGUBAAAA&ccb=7-5&oh=00_AYDXW8oLDvVmRhaJs9EGHzzap_75MiYdQnj0ZH5ouh_mbg&oe=665B6967&_nc_sid=17eaee",
            "username": "heyimrodolfo"
        },
        "likes_count": 0,
        "answers": []
    },
    {
        "id": "18059459461290150",
        "created_at": 1630021949,
        "text": "Est\u00e1 propuesta incluso estaba desde el anterior gobierno",
        "owner": {
            "id": "13799716658",
            "is_verified": false,
            "profile_pic_url": "https://instagram.faju10-1.fna.fbcdn.net/v/t51.2885-19/44884218_345707102882519_2446069589734326272_n.jpg?_nc_ht=instagram.faju10-1.fna.fbcdn.net&_nc_cat=1&_nc_ohc=hzidlFdfQAUQ7kNvgGaSTIj&edm=ALlQn9MBAAAA&ccb=7-5&ig_cache_key=YW5vbnltb3VzX3Byb2ZpbGVfcGlj.2-ccb7-5&oh=00_AYC_fzhm0lzOejX4VxzQTUuEJHV6733IGeMcx6QHJ1RToA&oe=665B650F&_nc_sid=e7f676",
            "username": "mena96381"
        },
        "likes_count": 0,
        "answers": []
    },
    {
        "id": "17889713120367840",
        "created_at": 1630017059,
        "text": "Payaso",
        "owner": {
            "id": "1783560885",
            "is_verified": false,
            "profile_pic_url": "https://instagram.flim13-1.fna.fbcdn.net/v/t51.2885-19/270067552_448902430019398_7305922981000360567_n.jpg?stp=dst-jpg_s150x150&_nc_ht=instagram.flim13-1.fna.fbcdn.net&_nc_cat=110&_nc_ohc=9TvQSXw33U0Q7kNvgHEHwWX&edm=AMrZAGUBAAAA&ccb=7-5&oh=00_AYBdtnyADDMdkfRx5uIJpcfSCq0dQMtwNk_tN63mgTASDg&oe=665B8E2D&_nc_sid=17eaee",
            "username": "christian.lv"
        },
        "likes_count": 2,
        "answers": []
    },
    {
        "id": "17897378030244342",
        "created_at": 1630012153,
        "text": "Excelente propuesta",
        "owner": {
            "id": "7332974691",
            "is_verified": false,
            "profile_pic_url": "https://instagram.faju10-1.fna.fbcdn.net/v/t51.2885-19/44884218_345707102882519_2446069589734326272_n.jpg?_nc_ht=instagram.faju10-1.fna.fbcdn.net&_nc_cat=1&_nc_ohc=hzidlFdfQAUQ7kNvgGaSTIj&edm=ALlQn9MBAAAA&ccb=7-5&ig_cache_key=YW5vbnltb3VzX3Byb2ZpbGVfcGlj.2-ccb7-5&oh=00_AYC_fzhm0lzOejX4VxzQTUuEJHV6733IGeMcx6QHJ1RToA&oe=665B650F&_nc_sid=e7f676",
            "username": "1nrrmm._"
        },
        "likes_count": 0,
        "answers": []
    },
    {
        "id": "18246850156013094",
        "created_at": 1630009152,
        "text": "Est\u00e1 p\u00e9simo esta idea, deber\u00eda informarse claramente que significar\u00eda esto, o lo sabe? Y s\u00f3lo quiere atacar al sector privado, \ud83e\udd14",
        "owner": {
            "id": "43864118338",
            "is_verified": false,
            "profile_pic_url": "https://instagram.faju10-1.fna.fbcdn.net/v/t51.2885-19/44884218_345707102882519_2446069589734326272_n.jpg?_nc_ht=instagram.faju10-1.fna.fbcdn.net&_nc_cat=1&_nc_ohc=hzidlFdfQAUQ7kNvgGaSTIj&edm=ALlQn9MBAAAA&ccb=7-5&ig_cache_key=YW5vbnltb3VzX3Byb2ZpbGVfcGlj.2-ccb7-5&oh=00_AYC_fzhm0lzOejX4VxzQTUuEJHV6733IGeMcx6QHJ1RToA&oe=665B650F&_nc_sid=e7f676",
            "username": "elbuho1968"
        },
        "likes_count": 1,
        "answers": []
    }
]