[
    {
        "id": "17876216168156625",
        "created_at": 1611794812,
        "text": "A exprimir m\u00e1s a los formales",
        "owner": {
            "id": "2084480418",
            "is_verified": false,
            "profile_pic_url": "https://instagram.flim9-1.fna.fbcdn.net/v/t51.2885-19/279296203_740267580738558_1328732416482642108_n.jpg?stp=dst-jpg_s150x150&_nc_ht=instagram.flim9-1.fna.fbcdn.net&_nc_cat=106&_nc_ohc=YeVybzIZZOwQ7kNvgEO4jAw&edm=AMrZAGUBAAAA&ccb=7-5&oh=00_AYC4n6c-Iou3kP5_NPovlUNVIyR3BM8cx9U5uUwo8mWh8g&oe=665B7505&_nc_sid=17eaee",
            "username": "gcprietolihon"
        },
        "likes_count": 0,
        "answers": []
    },
    {
        "id": "17891161069866204",
        "created_at": 1611793013,
        "text": "Incre\u00edble lo que sucede en nuestro pa\u00eds, ni las instituciones estatales como la. SUNAT, respetan la Constituci\u00f3n...",
        "owner": {
            "id": "7332974691",
            "is_verified": false,
            "profile_pic_url": "https://scontent-iad3-1.cdninstagram.com/v/t51.2885-19/44884218_345707102882519_2446069589734326272_n.jpg?_nc_ht=scontent-iad3-1.cdninstagram.com&_nc_cat=1&_nc_ohc=hzidlFdfQAUQ7kNvgHrTrjc&edm=AAAAAAABAAAA&ccb=7-5&ig_cache_key=YW5vbnltb3VzX3Byb2ZpbGVfcGlj.2-ccb7-5&oh=00_AYAT5ANwaHGzVgzYFcp2dqPeFOKpoHTuVnlcugb3QFpfGQ&oe=665B650F&_nc_sid=2c5659",
            "username": "1nrrmm._"
        },
        "likes_count": 0,
        "answers": []
    }
]