[
    {
        "id": "17897369855009466",
        "created_at": 1621119097,
        "text": "@portocarreroperez @pablohernandezportocarrero @pedrohernandezinjante26 \ud83d\udd25",
        "owner": {
            "id": "5525066437",
            "is_verified": false,
            "profile_pic_url": "https://instagram.flim13-1.fna.fbcdn.net/v/t51.2885-19/434996070_387364854068866_5196796942995148104_n.jpg?stp=dst-jpg_s150x150&_nc_ht=instagram.flim13-1.fna.fbcdn.net&_nc_cat=110&_nc_ohc=b8msvTmgH-wQ7kNvgF9jyu_&edm=AMrZAGUBAAAA&ccb=7-5&oh=00_AYDd41Jbyjt6Mu7dqVYNhTR2mOQcuCwckQLKooLguqXKjA&oe=665B9672&_nc_sid=17eaee",
            "username": "anthoanneportocarrero"
        },
        "likes_count": 0,
        "answers": []
    },
    {
        "id": "17956064209438498",
        "created_at": 1621105733,
        "text": "@roxana.alvarez.ricalde @karina_chuquimango @himalayazalde \ud83d\ude4c",
        "owner": {
            "id": "2147645621",
            "is_verified": false,
            "profile_pic_url": "https://instagram.flim8-1.fna.fbcdn.net/v/t51.2885-19/331823795_1161612414539594_2309314935220835607_n.jpg?stp=dst-jpg_s150x150&_nc_ht=instagram.flim8-1.fna.fbcdn.net&_nc_cat=102&_nc_ohc=SRD4caQ07KwQ7kNvgGSrAwt&edm=AMrZAGUBAAAA&ccb=7-5&oh=00_AYBUu-wiHyOTU8FawbOBX4KnaOs9Ij49FEUIxrY3ozXB5g&oe=665B7191&_nc_sid=17eaee",
            "username": "karelmancha"
        },
        "likes_count": 0,
        "answers": []
    },
    {
        "id": "17991726334350956",
        "created_at": 1621104187,
        "text": "@carlos.cl93 @yosiily @kausachun_",
        "owner": {
            "id": "3469567956",
            "is_verified": false,
            "profile_pic_url": "https://instagram.flim13-1.fna.fbcdn.net/v/t51.2885-19/328303390_486119073720133_7877076177186456096_n.jpg?stp=dst-jpg_s150x150&_nc_ht=instagram.flim13-1.fna.fbcdn.net&_nc_cat=101&_nc_ohc=W3mX4xxmP1UQ7kNvgHoFoJr&edm=AMrZAGUBAAAA&ccb=7-5&oh=00_AYDYqCzNPyEdiCeh1Kyhvp5FG0wTyl1S8ot5mCRp8IhFuw&oe=665B83C0&_nc_sid=17eaee",
            "username": "damara.20"
        },
        "likes_count": 0,
        "answers": []
    },
    {
        "id": "17867921516430403",
        "created_at": 1621103781,
        "text": "@yesmymechan @rodolfoaguilar.19 @renaliz_kepol \ud83d\ude4c",
        "owner": {
            "id": "4470733343",
            "is_verified": false,
            "profile_pic_url": "https://instagram.flim8-1.fna.fbcdn.net/v/t51.2885-19/434611458_333068432655230_1347574069111886813_n.jpg?stp=dst-jpg_s150x150&_nc_ht=instagram.flim8-1.fna.fbcdn.net&_nc_cat=102&_nc_ohc=Y3DrVEOnUBMQ7kNvgHyDWMZ&edm=AMrZAGUBAAAA&ccb=7-5&oh=00_AYCV_avjXMPeyGEDN2OrPjtHzArypBIivyKHlPjGzlrTAg&oe=665B63CF&_nc_sid=17eaee",
            "username": "stef26.9carolina"
        },
        "likes_count": 1,
        "answers": []
    },
    {
        "id": "17915406049702495",
        "created_at": 1621091396,
        "text": "@lucerovilchez1 @yasmin.carreno1996 @haudrypanduro",
        "owner": {
            "id": "35881512081",
            "is_verified": false,
            "profile_pic_url": "https://instagram.flim13-1.fna.fbcdn.net/v/t51.2885-19/323954009_876503400435406_5432118194512501864_n.jpg?stp=dst-jpg_s150x150&_nc_ht=instagram.flim13-1.fna.fbcdn.net&_nc_cat=110&_nc_ohc=exq7RyYIizIQ7kNvgEXy5iP&edm=AMrZAGUBAAAA&ccb=7-5&oh=00_AYDcbT0SHIzTTOkb4IgKZqE0w-P90IhFxhJiq4JYnmKpQg&oe=665B713F&_nc_sid=17eaee",
            "username": "b.azucena_23"
        },
        "likes_count": 0,
        "answers": []
    },
    {
        "id": "17872850402406713",
        "created_at": 1621055291,
        "text": "@oliviahuan.g @vxnessxl @rosanghelazl \ud83e\udd1e\ud83c\udffb\ud83e\udd1e\ud83c\udffb\ud83e\udd1e\ud83c\udffb",
        "owner": {
            "id": "5650648053",
            "is_verified": false,
            "profile_pic_url": "https://instagram.flim8-1.fna.fbcdn.net/v/t51.2885-19/426757598_7096409583800006_2498822248706702318_n.jpg?stp=dst-jpg_s150x150&_nc_ht=instagram.flim8-1.fna.fbcdn.net&_nc_cat=102&_nc_ohc=gPZmrGISAOoQ7kNvgHuLhb_&edm=AMrZAGUBAAAA&ccb=7-5&oh=00_AYBMrgGtS6k_lNkr3QtLPskwH-V8qD3fq07T4kL-9ZmzZw&oe=665B8034&_nc_sid=17eaee",
            "username": "maritza_huang"
        },
        "likes_count": 3,
        "answers": []
    },
    {
        "id": "17922317185624466",
        "created_at": 1621051203,
        "text": "@karina_thais.rp @carinaamr @stefilizbeth",
        "owner": {
            "id": "3602299915",
            "is_verified": false,
            "profile_pic_url": "https://instagram.flim8-1.fna.fbcdn.net/v/t51.2885-19/351425134_1963286454025886_3843121424808957346_n.jpg?stp=dst-jpg_s150x150&_nc_ht=instagram.flim8-1.fna.fbcdn.net&_nc_cat=102&_nc_ohc=glU7K_KidyEQ7kNvgE7T6UW&edm=AMrZAGUBAAAA&ccb=7-5&oh=00_AYCvvFCqjj0KilMu1y5sFxMubZJ3sHctEXi9CDADFNt4LQ&oe=665B823B&_nc_sid=17eaee",
            "username": "tony.mendez15"
        },
        "likes_count": 0,
        "answers": []
    },
    {
        "id": "17892432152033324",
        "created_at": 1621042190,
        "text": "@ariannkzc @mariapauladav @strelladmaar",
        "owner": {
            "id": "297592298",
            "is_verified": false,
            "profile_pic_url": "https://instagram.flim9-1.fna.fbcdn.net/v/t51.2885-19/440618742_962164315455763_6243194889382875824_n.jpg?stp=dst-jpg_s150x150&_nc_ht=instagram.flim9-1.fna.fbcdn.net&_nc_cat=107&_nc_ohc=aQosLMKOUD4Q7kNvgFT5vbX&edm=AMrZAGUBAAAA&ccb=7-5&oh=00_AYA4Mlrs-ywvWh0-qXsYGfbAWjTr4j4FdHzSaQvidiccDQ&oe=665B8D59&_nc_sid=17eaee",
            "username": "paumaart"
        },
        "likes_count": 0,
        "answers": []
    },
    {
        "id": "17905543150822043",
        "created_at": 1621042155,
        "text": "@clau.mlv @gianecordova29 @josue_benitesg",
        "owner": {
            "id": "297592298",
            "is_verified": false,
            "profile_pic_url": "https://instagram.flim9-1.fna.fbcdn.net/v/t51.2885-19/440618742_962164315455763_6243194889382875824_n.jpg?stp=dst-jpg_s150x150&_nc_ht=instagram.flim9-1.fna.fbcdn.net&_nc_cat=107&_nc_ohc=aQosLMKOUD4Q7kNvgFT5vbX&edm=AMrZAGUBAAAA&ccb=7-5&oh=00_AYA4Mlrs-ywvWh0-qXsYGfbAWjTr4j4FdHzSaQvidiccDQ&oe=665B8D59&_nc_sid=17eaee",
            "username": "paumaart"
        },
        "likes_count": 0,
        "answers": []
    },
    {
        "id": "17891567888123600",
        "created_at": 1621004216,
        "text": "@casnole05 @yohanymogollon @susancastillolopez",
        "owner": {
            "id": "1482594270",
            "is_verified": false,
            "profile_pic_url": "https://instagram.flim9-1.fna.fbcdn.net/v/t51.2885-19/324715680_149130164593367_3635855133544642519_n.jpg?stp=dst-jpg_s150x150&_nc_ht=instagram.flim9-1.fna.fbcdn.net&_nc_cat=111&_nc_ohc=5ME0gmc1dQgQ7kNvgELC5Ug&edm=AMrZAGUBAAAA&ccb=7-5&oh=00_AYAus7yhZ3eo0RsP52SDEfSMvUNvVtjM2AYIYyHES5YaGw&oe=665B9581&_nc_sid=17eaee",
            "username": "shelsy.27.99"
        },
        "likes_count": 0,
        "answers": []
    },
    {
        "id": "18226273135014397",
        "created_at": 1620979562,
        "text": "@adrian7.aazc @jheremi__ @karol_ayasta05",
        "owner": {
            "id": "3142720896",
            "is_verified": false,
            "profile_pic_url": "https://instagram.flim13-1.fna.fbcdn.net/v/t51.2885-19/314733702_169333375777282_7282491100684806681_n.jpg?stp=dst-jpg_s150x150&_nc_ht=instagram.flim13-1.fna.fbcdn.net&_nc_cat=110&_nc_ohc=7fh0LgpE4yoQ7kNvgE3t3x9&edm=AMrZAGUBAAAA&ccb=7-5&oh=00_AYBXt7XyKnnx8uMzswHENQWZcayMD89U4f206rAWH1SDdQ&oe=665B8CD4&_nc_sid=17eaee",
            "username": "max.pinedo"
        },
        "likes_count": 1,
        "answers": [
            {
                "id": 17907164614849726,
                "created_at": 1620981834,
                "text": "@max.pinedo suerte x1000\ud83d\udc9c",
                "owner": {
                    "id": "5715041840",
                    "is_verified": false,
                    "profile_pic_url": "https://instagram.flim9-1.fna.fbcdn.net/v/t51.2885-19/442232869_406296188865582_1653389358369418606_n.jpg?stp=dst-jpg_s150x150&_nc_ht=instagram.flim9-1.fna.fbcdn.net&_nc_cat=106&_nc_ohc=U0VpH5W7OIsQ7kNvgG66a0Z&edm=AMrZAGUBAAAA&ccb=7-5&oh=00_AYCSaFusmI8jShRReCC-p16O1lEnDkHQq_Dw1CD5tbe7uQ&oe=665B6297&_nc_sid=17eaee",
                    "username": "karol_ayasta05"
                },
                "likes_count": 1
            }
        ]
    },
    {
        "id": "17880969668233576",
        "created_at": 1620967657,
        "text": "@_angeelica.1 @lesliedoroteo @andres.aryc",
        "owner": {
            "id": "5386922285",
            "is_verified": false,
            "profile_pic_url": "https://instagram.flim9-1.fna.fbcdn.net/v/t51.2885-19/437106101_773596427810466_3643737457039771884_n.jpg?stp=dst-jpg_s150x150&_nc_ht=instagram.flim9-1.fna.fbcdn.net&_nc_cat=106&_nc_ohc=otgb7Y4sITQQ7kNvgFrDNHl&edm=AMrZAGUBAAAA&ccb=7-5&oh=00_AYBCycMPmNGgGcINHZhE-wYJ3aCki9E-2ExD15qkAqEAiw&oe=665B847F&_nc_sid=17eaee",
            "username": "afda.99"
        },
        "likes_count": 0,
        "answers": []
    },
    {
        "id": "17955493429442004",
        "created_at": 1620965905,
        "text": "@magmma_ @sayu.fernandez99 @nadjaflorian",
        "owner": {
            "id": "1144189113",
            "is_verified": false,
            "profile_pic_url": "https://instagram.flim8-1.fna.fbcdn.net/v/t51.2885-19/339352865_768836458194244_7704038518324489548_n.jpg?stp=dst-jpg_s150x150&_nc_ht=instagram.flim8-1.fna.fbcdn.net&_nc_cat=104&_nc_ohc=2b65WV_LGBMQ7kNvgFGEHgE&edm=AMrZAGUBAAAA&ccb=7-5&oh=00_AYAZDfXBYDWBS02ict8gh7GgIr_z8k-BqnEoe3kSdyKzJg&oe=665B90D4&_nc_sid=17eaee",
            "username": "ninnaalexandra"
        },
        "likes_count": 2,
        "answers": [
            {
                "id": 17926309501591485,
                "created_at": 1620966303,
                "text": "@magmma_ la fe la fe es lo m\u00e1s bonito de la vida",
                "owner": {
                    "id": "1144189113",
                    "is_verified": false,
                    "profile_pic_url": "https://instagram.flim8-1.fna.fbcdn.net/v/t51.2885-19/339352865_768836458194244_7704038518324489548_n.jpg?stp=dst-jpg_s150x150&_nc_ht=instagram.flim8-1.fna.fbcdn.net&_nc_cat=104&_nc_ohc=2b65WV_LGBMQ7kNvgFGEHgE&edm=AMrZAGUBAAAA&ccb=7-5&oh=00_AYAZDfXBYDWBS02ict8gh7GgIr_z8k-BqnEoe3kSdyKzJg&oe=665B90D4&_nc_sid=17eaee",
                    "username": "ninnaalexandra"
                },
                "likes_count": 0
            },
            {
                "id": 17865462836472494,
                "created_at": 1620966186,
                "text": "@ninnaalexandra te meto la fe bb",
                "owner": {
                    "id": "177393727",
                    "is_verified": false,
                    "profile_pic_url": "https://instagram.flim13-1.fna.fbcdn.net/v/t51.2885-19/417444426_1460619391188269_3846138360692691487_n.jpg?stp=dst-jpg_s150x150&_nc_ht=instagram.flim13-1.fna.fbcdn.net&_nc_cat=105&_nc_ohc=eRu86Mj1P-8Q7kNvgHtO-tL&edm=AMrZAGUBAAAA&ccb=7-5&oh=00_AYA-doLcYlNNiKC0EllDVU5GgCER5rOglHZ3Jab7fhIdkw&oe=665B6898&_nc_sid=17eaee",
                    "username": "magmma_"
                },
                "likes_count": 1
            }
        ]
    },
    {
        "id": "17977938445373452",
        "created_at": 1620963908,
        "text": "@alegugam @dannydr25 @mariel.hoshi",
        "owner": {
            "id": "6048526193",
            "is_verified": false,
            "profile_pic_url": "https://instagram.flim9-1.fna.fbcdn.net/v/t51.2885-19/403033987_772311988035055_8685981296126874201_n.jpg?stp=dst-jpg_s150x150&_nc_ht=instagram.flim9-1.fna.fbcdn.net&_nc_cat=107&_nc_ohc=wJfS9M6kA0wQ7kNvgFdd1lb&edm=AMrZAGUBAAAA&ccb=7-5&oh=00_AYCu0iUaHEDZT9kK5gg5XX4meCtPqMcBXNorHBxQfrXNSw&oe=665B8B98&_nc_sid=17eaee",
            "username": "maurivillap"
        },
        "likes_count": 1,
        "answers": []
    },
    {
        "id": "17943349363489889",
        "created_at": 1620962787,
        "text": "@kariiviay @walter193618 @merymarisolayma",
        "owner": {
            "id": "3967236689",
            "is_verified": false,
            "profile_pic_url": "https://instagram.fjai2-2.fna.fbcdn.net/v/t51.2885-19/44884218_345707102882519_2446069589734326272_n.jpg?_nc_ht=instagram.fjai2-2.fna.fbcdn.net&_nc_cat=1&_nc_ohc=hzidlFdfQAUQ7kNvgGV6RLB&edm=ALlQn9MBAAAA&ccb=7-5&ig_cache_key=YW5vbnltb3VzX3Byb2ZpbGVfcGlj.2-ccb7-5&oh=00_AYCYrdJZ3dbhIMmvLVayOh43nFRVMe7xBZVfj86rNc1s9A&oe=665B650F&_nc_sid=e7f676",
            "username": "_angeelica.1"
        },
        "likes_count": 2,
        "answers": []
    },
    {
        "id": "18086017951260820",
        "created_at": 1620962721,
        "text": "@lessromero @lesliedoroteo @afda.99",
        "owner": {
            "id": "3967236689",
            "is_verified": false,
            "profile_pic_url": "https://instagram.fjai2-2.fna.fbcdn.net/v/t51.2885-19/44884218_345707102882519_2446069589734326272_n.jpg?_nc_ht=instagram.fjai2-2.fna.fbcdn.net&_nc_cat=1&_nc_ohc=hzidlFdfQAUQ7kNvgGV6RLB&edm=ALlQn9MBAAAA&ccb=7-5&ig_cache_key=YW5vbnltb3VzX3Byb2ZpbGVfcGlj.2-ccb7-5&oh=00_AYCYrdJZ3dbhIMmvLVayOh43nFRVMe7xBZVfj86rNc1s9A&oe=665B650F&_nc_sid=e7f676",
            "username": "_angeelica.1"
        },
        "likes_count": 0,
        "answers": []
    },
    {
        "id": "17950323472454802",
        "created_at": 1620956910,
        "text": "@marisolgomezponce @babynoah.lg @yara.garcia.3720 \ud83c\udfb2\ud83d\udcbb",
        "owner": {
            "id": "2988543429",
            "is_verified": false,
            "profile_pic_url": "https://instagram.flim13-1.fna.fbcdn.net/v/t51.2885-19/291945030_593566338878206_836995813428295223_n.jpg?stp=dst-jpg_s150x150&_nc_ht=instagram.flim13-1.fna.fbcdn.net&_nc_cat=110&_nc_ohc=9VWBEgj-qvsQ7kNvgGBlYbJ&edm=AMrZAGUBAAAA&ccb=7-5&oh=00_AYAyakQY3MoE9yqie9eudlQRNVZbhC1Qns_NPZXHQ4EBDA&oe=665B821E&_nc_sid=17eaee",
            "username": "andresramosgarcia09"
        },
        "likes_count": 0,
        "answers": []
    },
    {
        "id": "18226156018044339",
        "created_at": 1620956115,
        "text": "@f.maria.cx @huaman_kusikuy @maglafe \ud83d\ude4c\ud83c\udffd",
        "owner": {
            "id": "1241457418",
            "is_verified": false,
            "profile_pic_url": "https://instagram.flim13-1.fna.fbcdn.net/v/t51.2885-19/436456735_1001296491467924_6923751622880712280_n.jpg?stp=dst-jpg_s150x150&_nc_ht=instagram.flim13-1.fna.fbcdn.net&_nc_cat=108&_nc_ohc=X1IA5NOyMWgQ7kNvgGO154w&edm=AMrZAGUBAAAA&ccb=7-5&oh=00_AYAgpoqm4zB5TOcgTrBznXaix6cuo_lv-BpMH9K25we0Ww&oe=665B93D6&_nc_sid=17eaee",
            "username": "aylhinsp"
        },
        "likes_count": 0,
        "answers": []
    }
]