[
    {
        "id": "17869599017340524",
        "created_at": 1619900512,
        "text": "@milagros.berrospi @cl_lissette alaaa qu\u00e9 dicen",
        "owner": {
            "id": "2132944125",
            "is_verified": false,
            "profile_pic_url": "https://instagram.flim8-1.fna.fbcdn.net/v/t51.2885-19/441329456_450237800841084_5056213146044572992_n.jpg?stp=dst-jpg_s150x150&_nc_ht=instagram.flim8-1.fna.fbcdn.net&_nc_cat=100&_nc_ohc=EzaUdxXdLlQQ7kNvgHax-Xp&edm=AMrZAGUBAAAA&ccb=7-5&oh=00_AYCzAm035YH5LC0uceeDpJ4kASgS1yEMoYzuYO1qhF8G4g&oe=665B8E6C&_nc_sid=17eaee",
            "username": "marynella_1999"
        },
        "likes_count": 1,
        "answers": []
    },
    {
        "id": "17883380807301321",
        "created_at": 1619557526,
        "text": "@adrianazuritacab",
        "owner": {
            "id": "16414132826",
            "is_verified": false,
            "profile_pic_url": "https://instagram.flim8-1.fna.fbcdn.net/v/t51.2885-19/309449954_3165153577130366_6158004539456032031_n.jpg?stp=dst-jpg_s150x150&_nc_ht=instagram.flim8-1.fna.fbcdn.net&_nc_cat=102&_nc_ohc=AzgAbvaLGC0Q7kNvgFL0Zlt&edm=AMrZAGUBAAAA&ccb=7-5&oh=00_AYCfkPUMOsRHEzSqLAbWFZATs6BNHYe1GJOSrH0ciGQPCQ&oe=665B6EF0&_nc_sid=17eaee",
            "username": "bryanmoncadaoficial"
        },
        "likes_count": 0,
        "answers": []
    }
]