[
    {
        "id": "17922498013520366",
        "created_at": 1612080241,
        "text": "Sean imparciales con todos",
        "owner": {
            "id": "220932688",
            "is_verified": false,
            "profile_pic_url": "https://instagram.flim8-1.fna.fbcdn.net/v/t51.2885-19/418793400_919095343168584_8567588372954772902_n.jpg?stp=dst-jpg_s150x150&_nc_ht=instagram.flim8-1.fna.fbcdn.net&_nc_cat=100&_nc_ohc=STmjJIRs9kQQ7kNvgHEAvG3&edm=AMrZAGUBAAAA&ccb=7-5&oh=00_AYAXOm2iBSTp0te9U_u5rWa2Kvn6RtJDykkt4ypgqpwI1w&oe=665B89CB&_nc_sid=17eaee",
            "username": "eduardo_cerron"
        },
        "likes_count": 0,
        "answers": []
    },
    {
        "id": "17859913493355412",
        "created_at": 1612069778,
        "text": "La verdadera pregunta es: \u00bfQue sabe \u00e9l? \ud83e\udd14",
        "owner": {
            "id": "6735014304",
            "is_verified": false,
            "profile_pic_url": "https://instagram.flim8-1.fna.fbcdn.net/v/t51.2885-19/439815115_1726960367832423_2047407334356425063_n.jpg?stp=dst-jpg_s150x150&_nc_ht=instagram.flim8-1.fna.fbcdn.net&_nc_cat=103&_nc_ohc=ubE0dTKQDr8Q7kNvgH8TcJv&edm=AMrZAGUBAAAA&ccb=7-5&oh=00_AYBY2YPdXcODWI_hWOErq3NMMqfoi37J7FadWf-L2zEb1A&oe=665B9576&_nc_sid=17eaee",
            "username": "matrd98"
        },
        "likes_count": 0,
        "answers": []
    },
    {
        "id": "17874255308142071",
        "created_at": 1612068222,
        "text": "Hasta las webas, hasta mi cv est\u00e1 mejor y eso q ni paso de 25 a\u00f1os ...",
        "owner": {
            "id": "1484866131",
            "is_verified": false,
            "profile_pic_url": "https://instagram.fqbx5-1.fna.fbcdn.net/v/t51.2885-19/44884218_345707102882519_2446069589734326272_n.jpg?_nc_ht=instagram.fqbx5-1.fna.fbcdn.net&_nc_cat=1&_nc_ohc=hzidlFdfQAUQ7kNvgGTCXmB&edm=ALbqBD0BAAAA&ccb=7-5&ig_cache_key=YW5vbnltb3VzX3Byb2ZpbGVfcGlj.2-ccb7-5&oh=00_AYDzmJMbn_NQvltGVEnfxod3sFqfoKGvBxz7tsXeURzwfw&oe=665B650F&_nc_sid=847350",
            "username": "steel20233"
        },
        "likes_count": 0,
        "answers": []
    },
    {
        "id": "17941762603442165",
        "created_at": 1612063864,
        "text": "Que bien, sigan publicando..",
        "owner": {
            "id": "13511293280",
            "is_verified": false,
            "profile_pic_url": "https://instagram.flim13-1.fna.fbcdn.net/v/t51.2885-19/291749806_834636531258061_3372520284977330603_n.jpg?stp=dst-jpg_s150x150&_nc_ht=instagram.flim13-1.fna.fbcdn.net&_nc_cat=101&_nc_ohc=uO1LSx1Lto8Q7kNvgElrrem&edm=AMrZAGUBAAAA&ccb=7-5&oh=00_AYApVh0WhYZaZBwBA9RUu0hbXcV-OG0OBuiuMal3TJqTcQ&oe=665B8911&_nc_sid=17eaee",
            "username": "evananortiz"
        },
        "likes_count": 0,
        "answers": []
    },
    {
        "id": "17897058853755951",
        "created_at": 1612063289,
        "text": "Se cas\u00f3 con la actriz Vanessa Terkes y la maltrataba. Fue alcalde de La Victoria pero no termin\u00f3 su mandato \ud83e\udd37\ud83c\udffb\u200d\u2640\ufe0f Aahh y que no asisti\u00f3 al debate sobre ciencia porque dijo estar en otro lugar aprendiendo nuevas cosas sobre ciencia, para luego traer esas ideas al Per\u00fa \ud83e\udd2d\ud83d\ude02\ud83d\ude02",
        "owner": {
            "id": "6594533647",
            "is_verified": false,
            "profile_pic_url": "https://instagram.flim13-1.fna.fbcdn.net/v/t51.2885-19/235841425_154918573348625_7984684682044102813_n.jpg?stp=dst-jpg_s150x150&_nc_ht=instagram.flim13-1.fna.fbcdn.net&_nc_cat=105&_nc_ohc=3Gbt72waM4MQ7kNvgGiExqd&edm=AMrZAGUBAAAA&ccb=7-5&oh=00_AYAP4doyNUTBLeEOhrch7S6Iw8JUsJ16GdH9BB7pGRVIFg&oe=665B978E&_nc_sid=17eaee",
            "username": "victorialpusem"
        },
        "likes_count": 1,
        "answers": []
    },
    {
        "id": "17885176495957061",
        "created_at": 1612063049,
        "text": "@aka.muja",
        "owner": {
            "id": "7546157293",
            "is_verified": false,
            "profile_pic_url": "https://instagram.flim8-1.fna.fbcdn.net/v/t51.2885-19/431741973_413397091164180_2805989526277636067_n.jpg?stp=dst-jpg_s150x150&_nc_ht=instagram.flim8-1.fna.fbcdn.net&_nc_cat=100&_nc_ohc=tDtOUlqekHAQ7kNvgEbCXgq&edm=AMrZAGUBAAAA&ccb=7-5&oh=00_AYBraKS4XSk1cnrbJI_8UXgO3za0BAs4EAFp3_kVVhicpw&oe=665B85B5&_nc_sid=17eaee",
            "username": "nhbzwt"
        },
        "likes_count": 0,
        "answers": []
    },
    {
        "id": "17872444298232119",
        "created_at": 1612057517,
        "text": "Que es un incoompetente",
        "owner": {
            "id": "7332974691",
            "is_verified": false,
            "profile_pic_url": "https://instagram.fqbx5-1.fna.fbcdn.net/v/t51.2885-19/44884218_345707102882519_2446069589734326272_n.jpg?_nc_ht=instagram.fqbx5-1.fna.fbcdn.net&_nc_cat=1&_nc_ohc=hzidlFdfQAUQ7kNvgGTCXmB&edm=ALbqBD0BAAAA&ccb=7-5&ig_cache_key=YW5vbnltb3VzX3Byb2ZpbGVfcGlj.2-ccb7-5&oh=00_AYDzmJMbn_NQvltGVEnfxod3sFqfoKGvBxz7tsXeURzwfw&oe=665B650F&_nc_sid=847350",
            "username": "1nrrmm._"
        },
        "likes_count": 0,
        "answers": []
    },
    {
        "id": "17878710062076204",
        "created_at": 1612050759,
        "text": "Se caso con la actriz Vanessa Terkes.",
        "owner": {
            "id": "3969204377",
            "is_verified": false,
            "profile_pic_url": "https://instagram.flim13-1.fna.fbcdn.net/v/t51.2885-19/239688426_1168648106951065_2780556599044000462_n.jpg?stp=dst-jpg_s150x150&_nc_ht=instagram.flim13-1.fna.fbcdn.net&_nc_cat=101&_nc_ohc=B9N1YP0GZX8Q7kNvgGnJQMG&edm=AMrZAGUBAAAA&ccb=7-5&oh=00_AYBkyRhom_u2LDux4MeQWV4bL5R3fuVO2ya1b9CfvvBeAg&oe=665B8494&_nc_sid=17eaee",
            "username": "vicochet.92"
        },
        "likes_count": 1,
        "answers": []
    },
    {
        "id": "17872379384206542",
        "created_at": 1612050341,
        "text": "Ex arquero de Alianza Lima ;)",
        "owner": {
            "id": "399497687",
            "is_verified": false,
            "profile_pic_url": "https://instagram.flim8-1.fna.fbcdn.net/v/t51.2885-19/445369060_1027015869013696_7901749986872756757_n.jpg?stp=dst-jpg_s150x150&_nc_ht=instagram.flim8-1.fna.fbcdn.net&_nc_cat=104&_nc_ohc=9C8WoSPZBloQ7kNvgHxSo87&edm=AMrZAGUBAAAA&ccb=7-5&oh=00_AYAtOL0HW-O-Dy2hdOEN5slAmz31U40YKcxkBBwEXqFl-Q&oe=665B8148&_nc_sid=17eaee",
            "username": "pxnchx_pxpx"
        },
        "likes_count": 2,
        "answers": []
    }
]