[
    {
        "id": "17862773711447924",
        "created_at": 1617914851,
        "text": "\ud83d\ude4c\ud83c\udffc\u2764\ufe0f",
        "owner": {
            "id": "373143153",
            "is_verified": false,
            "profile_pic_url": "https://instagram.flim13-1.fna.fbcdn.net/v/t51.2885-19/446194452_464234669302858_7848477398630840791_n.jpg?stp=dst-jpg_s150x150&_nc_ht=instagram.flim13-1.fna.fbcdn.net&_nc_cat=110&_nc_ohc=e4X9GmnRDbQQ7kNvgG6VO82&edm=AMrZAGUBAAAA&ccb=7-5&oh=00_AYBplzNXHepr8RQ18U8gljm3xLT0Oe1KmReVU5L-h2oiKg&oe=665B7A22&_nc_sid=17eaee",
            "username": "antuanetpuelles"
        },
        "likes_count": 1,
        "answers": []
    },
    {
        "id": "17962068760404784",
        "created_at": 1617907081,
        "text": "\u2764\ufe0f\ud83d\ude4c",
        "owner": {
            "id": "1125364454",
            "is_verified": false,
            "profile_pic_url": "https://instagram.flim8-1.fna.fbcdn.net/v/t51.2885-19/433438443_324798240177276_5294452971516476438_n.jpg?stp=dst-jpg_s150x150&_nc_ht=instagram.flim8-1.fna.fbcdn.net&_nc_cat=100&_nc_ohc=JAMrHhjj6-YQ7kNvgG-TFeP&edm=AMrZAGUBAAAA&ccb=7-5&oh=00_AYDJi3ndEDV0IHZN6hP65O0YmmppgDRZWPzOZwrsXY3r0Q&oe=665B68E0&_nc_sid=17eaee",
            "username": "brendafarfan23"
        },
        "likes_count": 1,
        "answers": []
    }
]