[
    {
        "id": "17922394231610486",
        "created_at": 1619881822,
        "text": "\ud83d\udc4f",
        "owner": {
            "id": "1668902132",
            "is_verified": false,
            "profile_pic_url": "https://instagram.flim13-1.fna.fbcdn.net/v/t51.2885-19/438880525_691603192991245_140422938732424420_n.jpg?stp=dst-jpg_s150x150&_nc_ht=instagram.flim13-1.fna.fbcdn.net&_nc_cat=101&_nc_ohc=FWG_peL2H4IQ7kNvgGkyJ_M&edm=AMrZAGUBAAAA&ccb=7-5&oh=00_AYAtYIL5QqBUVmYWTGb0h-Ap9dH-R9TfL1BPRu3vjP1dwg&oe=665B7A6F&_nc_sid=17eaee",
            "username": "katerinvasquezparedes_"
        },
        "likes_count": 0,
        "answers": []
    }
]