[
    {
        "id": "17960961874427676",
        "created_at": 1623378633,
        "text": "Por lo tanto tenemos nuevo Presidente",
        "owner": {
            "id": "7332974691",
            "is_verified": false,
            "profile_pic_url": "https://instagram.fcgk38-1.fna.fbcdn.net/v/t51.2885-19/44884218_345707102882519_2446069589734326272_n.jpg?_nc_ht=instagram.fcgk38-1.fna.fbcdn.net&_nc_cat=1&_nc_ohc=hzidlFdfQAUQ7kNvgHFqXck&edm=ALlQn9MBAAAA&ccb=7-5&ig_cache_key=YW5vbnltb3VzX3Byb2ZpbGVfcGlj.2-ccb7-5&oh=00_AYD_0ymeGOfElAopHtQ5btwr_LGoAQ1P5piMuPEbSjVKbw&oe=665B650F&_nc_sid=e7f676",
            "username": "1nrrmm._"
        },
        "likes_count": 0,
        "answers": [
            {
                "id": 17957123248445999,
                "created_at": 1623521135,
                "text": "@matibu0807 seg\u00fan la ley electoral solo tienen tres d\u00edas para proclamar al que gane",
                "owner": {
                    "id": "7332974691",
                    "is_verified": false,
                    "profile_pic_url": "https://instagram.fcgk38-1.fna.fbcdn.net/v/t51.2885-19/44884218_345707102882519_2446069589734326272_n.jpg?_nc_ht=instagram.fcgk38-1.fna.fbcdn.net&_nc_cat=1&_nc_ohc=hzidlFdfQAUQ7kNvgHFqXck&edm=ALlQn9MBAAAA&ccb=7-5&ig_cache_key=YW5vbnltb3VzX3Byb2ZpbGVfcGlj.2-ccb7-5&oh=00_AYD_0ymeGOfElAopHtQ5btwr_LGoAQ1P5piMuPEbSjVKbw&oe=665B650F&_nc_sid=e7f676",
                    "username": "1nrrmm._"
                },
                "likes_count": 1
            },
            {
                "id": 17875059269505998,
                "created_at": 1623519793,
                "text": "@enricorsf actas procesadas\u2260 actas contabilizadas. Falta el 0.12% para contabilizar m\u00e1s el conteo oficial de las actas observadas, y por la poca diferencia, nada estoy a dicho a\u00fan",
                "owner": {
                    "id": "5426383342",
                    "is_verified": false,
                    "profile_pic_url": "https://instagram.flim13-1.fna.fbcdn.net/v/t51.2885-19/435009906_3763349757233470_7280088071463476896_n.jpg?stp=dst-jpg_s150x150&_nc_ht=instagram.flim13-1.fna.fbcdn.net&_nc_cat=110&_nc_ohc=tdRoHbUb738Q7kNvgHIhiZ8&edm=AMrZAGUBAAAA&ccb=7-5&oh=00_AYDa_FZVL89ggtetRxbnQOo3OBB9tkn618X8gvG83vBTEA&oe=665B75C1&_nc_sid=17eaee",
                    "username": "matibu0807"
                },
                "likes_count": 0
            }
        ]
    }
]