[
    {
        "id": "17904404830729943",
        "created_at": 1612904465,
        "text": "Si EEUU le permite esa apertura, EEUU pierde el control.",
        "owner": {
            "id": "14691693209",
            "is_verified": false,
            "profile_pic_url": "https://instagram.flim8-1.fna.fbcdn.net/v/t51.2885-19/62265794_947037462307947_7321504275589234688_n.jpg?stp=dst-jpg_s150x150&_nc_ht=instagram.flim8-1.fna.fbcdn.net&_nc_cat=103&_nc_ohc=UIFqD562tKUQ7kNvgGVa4N4&edm=AMrZAGUBAAAA&ccb=7-5&oh=00_AYDQQmYQ4ml1Gv8aEkh8RaB7RmWVj1ddFf19mXSS0rFtFQ&oe=665B6982&_nc_sid=17eaee",
            "username": "jvilcapumadelac"
        },
        "likes_count": 0,
        "answers": []
    }
]