[
    {
        "id": "17925187153731146",
        "created_at": 1631825592,
        "text": "Arriba la inversi\u00f3n privada \ud83d\udd25\ud83d\udcc8",
        "owner": {
            "id": "2101349440",
            "is_verified": false,
            "profile_pic_url": "https://instagram.fxap1-1.fna.fbcdn.net/v/t51.2885-19/44884218_345707102882519_2446069589734326272_n.jpg?_nc_ht=instagram.fxap1-1.fna.fbcdn.net&_nc_cat=1&_nc_ohc=hzidlFdfQAUQ7kNvgF21owR&edm=AFs-eF8BAAAA&ccb=7-5&ig_cache_key=YW5vbnltb3VzX3Byb2ZpbGVfcGlj.2-ccb7-5&oh=00_AYDIhLpqTI4PUDSkZZ_mTqVo11gEBnPRUKQt4jbTBoF3wg&oe=665B650F&_nc_sid=72eed0",
            "username": "iloveu88d"
        },
        "likes_count": 0,
        "answers": []
    }
]