[
    {
        "id": "18142486267211135",
        "created_at": 1636863459,
        "text": "Muy bueno @peter.torres03 \ud83d\ude4c",
        "owner": {
            "id": "1451253841",
            "is_verified": false,
            "profile_pic_url": "https://instagram.flim9-1.fna.fbcdn.net/v/t51.2885-19/434228930_430795052735635_1627112639749341865_n.jpg?stp=dst-jpg_s150x150&_nc_ht=instagram.flim9-1.fna.fbcdn.net&_nc_cat=107&_nc_ohc=XpRAdRTDfnwQ7kNvgFJQp41&edm=AMrZAGUBAAAA&ccb=7-5&oh=00_AYB3M9JZ-v7h1gs4oAUEWlLE_CsmaNmnqcKgCsE_PJoxxQ&oe=665B67B2&_nc_sid=17eaee",
            "username": "romcach"
        },
        "likes_count": 1,
        "answers": [
            {
                "id": 17929750603850724,
                "created_at": 1636864315,
                "text": "@romcach gracias pai!! \ud83d\ude4c\ud83c\udffb",
                "owner": {
                    "id": "4461237692",
                    "is_verified": false,
                    "profile_pic_url": "https://instagram.flim9-1.fna.fbcdn.net/v/t51.2885-19/291273074_1124615114761977_7506960101829974177_n.jpg?stp=dst-jpg_s150x150&_nc_ht=instagram.flim9-1.fna.fbcdn.net&_nc_cat=109&_nc_ohc=RcL8w5U--jMQ7kNvgG9P8bt&edm=AMrZAGUBAAAA&ccb=7-5&oh=00_AYAMxw0PU4TJFQYJreqqNdsKN2_rsuXlS5b600L6xoU2Qw&oe=665B8550&_nc_sid=17eaee",
                    "username": "peter.torres03"
                },
                "likes_count": 0
            }
        ]
    },
    {
        "id": "17950539847576318",
        "created_at": 1636844464,
        "text": "Excelente @peter.torres03 \ud83d\ude4c",
        "owner": {
            "id": "1511630176",
            "is_verified": false,
            "profile_pic_url": "https://instagram.flim9-1.fna.fbcdn.net/v/t51.2885-19/391489026_709118890597307_8668350391395400196_n.jpg?stp=dst-jpg_s150x150&_nc_ht=instagram.flim9-1.fna.fbcdn.net&_nc_cat=111&_nc_ohc=Rp8d7FF6lkIQ7kNvgE6mMT8&edm=AMrZAGUBAAAA&ccb=7-5&oh=00_AYD04KAZjeDwYkjONLk37OEgAIjLT_mmEcRiMMEoC19vRg&oe=665B72E7&_nc_sid=17eaee",
            "username": "sergio.hernandezl.5"
        },
        "likes_count": 1,
        "answers": [
            {
                "id": 17899811636486760,
                "created_at": 1636844794,
                "text": "@sergio.hernandezl.5  Graciass \ud83e\udd29",
                "owner": {
                    "id": "4461237692",
                    "is_verified": false,
                    "profile_pic_url": "https://instagram.flim9-1.fna.fbcdn.net/v/t51.2885-19/291273074_1124615114761977_7506960101829974177_n.jpg?stp=dst-jpg_s150x150&_nc_ht=instagram.flim9-1.fna.fbcdn.net&_nc_cat=109&_nc_ohc=RcL8w5U--jMQ7kNvgG9P8bt&edm=AMrZAGUBAAAA&ccb=7-5&oh=00_AYAMxw0PU4TJFQYJreqqNdsKN2_rsuXlS5b600L6xoU2Qw&oe=665B8550&_nc_sid=17eaee",
                    "username": "peter.torres03"
                },
                "likes_count": 0
            }
        ]
    }
]