[
    {
        "id": "17893535407919683",
        "created_at": 1617681982,
        "text": "https://bit.ly/3dbyPhn",
        "owner": {
            "id": "6996479315",
            "is_verified": false,
            "profile_pic_url": "https://instagram.flim9-1.fna.fbcdn.net/v/t51.2885-19/440855070_6814828988618951_5120179514774578930_n.jpg?stp=dst-jpg_s150x150&_nc_ht=instagram.flim9-1.fna.fbcdn.net&_nc_cat=111&_nc_ohc=ocjtof3e25YQ7kNvgH-JunY&edm=AMrZAGUBAAAA&ccb=7-5&oh=00_AYB1kbAJLb7-ac8x9lhPqZrF3H3jl-ldNGG1EbHva4zKfQ&oe=665B8B79&_nc_sid=17eaee",
            "username": "ale28j_c"
        },
        "likes_count": 0,
        "answers": []
    },
    {
        "id": "17897932072930846",
        "created_at": 1617681931,
        "text": "@flaviocornejo \ud83e\udd7a",
        "owner": {
            "id": "11377571295",
            "is_verified": false,
            "profile_pic_url": "https://instagram.flim13-1.fna.fbcdn.net/v/t51.2885-19/410611130_241250732198852_5002878775736980025_n.jpg?stp=dst-jpg_s150x150&_nc_ht=instagram.flim13-1.fna.fbcdn.net&_nc_cat=108&_nc_ohc=dFFrpPCDRMQQ7kNvgFeUw9g&edm=AMrZAGUBAAAA&ccb=7-5&oh=00_AYBKeUjRyosON6v7AA-_z9ZJWkCndk65G-aKHH-h2kojSQ&oe=665B9020&_nc_sid=17eaee",
            "username": "stephmedrano28"
        },
        "likes_count": 1,
        "answers": [
            {
                "id": 17885962307125818,
                "created_at": 1617769884,
                "text": "@stephmedrano28 vere si lo puedo descargar bebe",
                "owner": {
                    "id": "737809410",
                    "is_verified": false,
                    "profile_pic_url": "https://instagram.flim13-1.fna.fbcdn.net/v/t51.2885-19/358358113_178347805069558_4484726999008827020_n.jpg?stp=dst-jpg_s150x150&_nc_ht=instagram.flim13-1.fna.fbcdn.net&_nc_cat=110&_nc_ohc=NjPpJXoNqEQQ7kNvgGSFjeY&edm=AMrZAGUBAAAA&ccb=7-5&oh=00_AYC2vzX88CPtgLAvIxizLjPyGQcMNdGmU_fWAr_gXuipWQ&oe=665B6BE6&_nc_sid=17eaee",
                    "username": "flaviocornejo"
                },
                "likes_count": 0
            }
        ]
    },
    {
        "id": "18139559983164719",
        "created_at": 1617681813,
        "text": "@ushinleon @fdianar.24 @claudia_ccahuana \ud83d\ude4c",
        "owner": {
            "id": "6996479315",
            "is_verified": false,
            "profile_pic_url": "https://instagram.flim9-1.fna.fbcdn.net/v/t51.2885-19/440855070_6814828988618951_5120179514774578930_n.jpg?stp=dst-jpg_s150x150&_nc_ht=instagram.flim9-1.fna.fbcdn.net&_nc_cat=111&_nc_ohc=ocjtof3e25YQ7kNvgH-JunY&edm=AMrZAGUBAAAA&ccb=7-5&oh=00_AYB1kbAJLb7-ac8x9lhPqZrF3H3jl-ldNGG1EbHva4zKfQ&oe=665B8B79&_nc_sid=17eaee",
            "username": "ale28j_c"
        },
        "likes_count": 0,
        "answers": []
    },
    {
        "id": "17938907491483893",
        "created_at": 1617656590,
        "text": "@carolaybeatriz @alexandrecolmenares",
        "owner": {
            "id": "6970642688",
            "is_verified": false,
            "profile_pic_url": "https://instagram.flim8-1.fna.fbcdn.net/v/t51.2885-19/440681803_765156178929492_7563366432869191866_n.jpg?stp=dst-jpg_s150x150&_nc_ht=instagram.flim8-1.fna.fbcdn.net&_nc_cat=100&_nc_ohc=LojMA4oW9qwQ7kNvgEqgH25&edm=AMrZAGUBAAAA&ccb=7-5&oh=00_AYANL1hnAYdPldX_2nmAMP2fIhPID3iC1_7udlEXDQVP-w&oe=665B6955&_nc_sid=17eaee",
            "username": "mariluz_mayta"
        },
        "likes_count": 2,
        "answers": [
            {
                "id": 17902714144781572,
                "created_at": 1617668305,
                "text": "@mariluz_mayta \ud83d\udc4f",
                "owner": {
                    "id": "6769267162",
                    "is_verified": false,
                    "profile_pic_url": "https://instagram.flim13-1.fna.fbcdn.net/v/t51.2885-19/427292695_325692767139632_1725115961300976167_n.jpg?stp=dst-jpg_s150x150&_nc_ht=instagram.flim13-1.fna.fbcdn.net&_nc_cat=108&_nc_ohc=T4kCxCBtjywQ7kNvgHKWU4A&edm=AMrZAGUBAAAA&ccb=7-5&oh=00_AYAIK-EItgmxDtk10ZYmBx_6ouMpVqD-X1Q-P1_iCg18BA&oe=665B7312&_nc_sid=17eaee",
                    "username": "alexandrecolmenares"
                },
                "likes_count": 0
            }
        ]
    },
    {
        "id": "18160581262122027",
        "created_at": 1617652602,
        "text": "@karla_solis15",
        "owner": {
            "id": "41318224547",
            "is_verified": false,
            "profile_pic_url": "https://instagram.flim13-1.fna.fbcdn.net/v/t51.2885-19/118945775_418923552406613_7409860462753860542_n.jpg?stp=dst-jpg_s150x150&_nc_ht=instagram.flim13-1.fna.fbcdn.net&_nc_cat=105&_nc_ohc=T162fj6qvsEQ7kNvgGrZ2q0&edm=AMrZAGUBAAAA&ccb=7-5&oh=00_AYANu1BJfIcYisxSTWw8NyXr0LjXpcJsk8GLMTLJrVvb8g&oe=665B7614&_nc_sid=17eaee",
            "username": "egemenhazanidriss"
        },
        "likes_count": 0,
        "answers": []
    },
    {
        "id": "17864749052393878",
        "created_at": 1617648364,
        "text": "@alvarocelisf",
        "owner": {
            "id": "1566508510",
            "is_verified": false,
            "profile_pic_url": "https://instagram.flim9-1.fna.fbcdn.net/v/t51.2885-19/432757872_3224635457844899_1939048467563986523_n.jpg?stp=dst-jpg_s150x150&_nc_ht=instagram.flim9-1.fna.fbcdn.net&_nc_cat=111&_nc_ohc=cWoBJuHzCZUQ7kNvgGv9JsB&edm=AMrZAGUBAAAA&ccb=7-5&oh=00_AYDrhFyDp5Egni8-Os1McDVOSh7vanEf2Ao6ASQj26Nutg&oe=665B7B2E&_nc_sid=17eaee",
            "username": "naveroskevin"
        },
        "likes_count": 1,
        "answers": []
    }
]