[
    {
        "id": "17911220794749564",
        "created_at": 1620018815,
        "text": "Muchas gracias @economicaperu \u2764\ufe0f",
        "owner": {
            "id": "9744501358",
            "is_verified": false,
            "profile_pic_url": "https://instagram.flim13-1.fna.fbcdn.net/v/t51.2885-19/379055751_266863629512801_5920520635513536496_n.jpg?stp=dst-jpg_s150x150&_nc_ht=instagram.flim13-1.fna.fbcdn.net&_nc_cat=105&_nc_ohc=QStzyn_KWUcQ7kNvgFz57ec&edm=AMrZAGUBAAAA&ccb=7-5&oh=00_AYA1CtflYowBss79MtV4hBFaTG87SOh1cM0V6ci4vQDzzw&oe=665B700C&_nc_sid=17eaee",
            "username": "sebastian_arcasi"
        },
        "likes_count": 1,
        "answers": []
    },
    {
        "id": "17898209464970463",
        "created_at": 1620016865,
        "text": "Excelentes entrevistas. Buen trabajo\u2714\ufe0f",
        "owner": {
            "id": "3298324048",
            "is_verified": false,
            "profile_pic_url": "https://scontent-iad3-1.cdninstagram.com/v/t51.2885-19/44884218_345707102882519_2446069589734326272_n.jpg?_nc_ht=scontent-iad3-1.cdninstagram.com&_nc_cat=1&_nc_ohc=hzidlFdfQAUQ7kNvgEQn8uN&edm=AAAAAAABAAAA&ccb=7-5&ig_cache_key=YW5vbnltb3VzX3Byb2ZpbGVfcGlj.2-ccb7-5&oh=00_AYDyniDFNvblLe-U9yVy5z4NlWoGuSlJ9d4aHY8Pb3LHyg&oe=665B650F&_nc_sid=2c5659",
            "username": "patosad_"
        },
        "likes_count": 1,
        "answers": []
    },
    {
        "id": "17869871597358871",
        "created_at": 1620012629,
        "text": "Excelente edici\u00f3n sin duda\ud83d\udd25\ud83d\udd25",
        "owner": {
            "id": "1600193487",
            "is_verified": false,
            "profile_pic_url": "https://instagram.flim9-1.fna.fbcdn.net/v/t51.2885-19/439987090_316550451249246_4217105103283871124_n.jpg?stp=dst-jpg_s150x150&_nc_ht=instagram.flim9-1.fna.fbcdn.net&_nc_cat=106&_nc_ohc=1ZXZlZPv5SwQ7kNvgF2F2nT&edm=AMrZAGUBAAAA&ccb=7-5&oh=00_AYCsOMLS2t2zrOn-aXuinvKvoM81-pQ7Fxo_sFq1VePXNw&oe=665B733D&_nc_sid=17eaee",
            "username": "angiequispe_"
        },
        "likes_count": 1,
        "answers": []
    },
    {
        "id": "18107971483239705",
        "created_at": 1620003785,
        "text": "Gracias @economicaperu, excelente Revista!",
        "owner": {
            "id": "373143153",
            "is_verified": false,
            "profile_pic_url": "https://instagram.flim13-1.fna.fbcdn.net/v/t51.2885-19/446194452_464234669302858_7848477398630840791_n.jpg?stp=dst-jpg_s150x150&_nc_ht=instagram.flim13-1.fna.fbcdn.net&_nc_cat=110&_nc_ohc=e4X9GmnRDbQQ7kNvgG6VO82&edm=AMrZAGUBAAAA&ccb=7-5&oh=00_AYBplzNXHepr8RQ18U8gljm3xLT0Oe1KmReVU5L-h2oiKg&oe=665B7A22&_nc_sid=17eaee",
            "username": "antuanetpuelles"
        },
        "likes_count": 1,
        "answers": [
            {
                "id": 17865574103446696,
                "created_at": 1620009391,
                "text": "@antuanetpuelles \ud83d\udc4f\ud83d\udc4f\ud83d\udc4f",
                "owner": {
                    "id": "7228077074",
                    "is_verified": false,
                    "profile_pic_url": "https://instagram.flim13-1.fna.fbcdn.net/v/t51.2885-19/198545181_2880714405529556_8549079883861304013_n.jpg?stp=dst-jpg_s150x150&_nc_ht=instagram.flim13-1.fna.fbcdn.net&_nc_cat=108&_nc_ohc=PfW9nKqgVcIQ7kNvgHA-QE8&edm=AMrZAGUBAAAA&ccb=7-5&oh=00_AYCeUvDKB7VqdfhLHeEky2RyAC_tXzRAu9IzpAso21tOcg&oe=665B8EF9&_nc_sid=17eaee",
                    "username": "economicaperu"
                },
                "likes_count": 1
            }
        ]
    },
    {
        "id": "17965846687392546",
        "created_at": 1620003247,
        "text": "Grandes art\u00edculos y autores! \ud83d\udc4f",
        "owner": {
            "id": "680712303",
            "is_verified": false,
            "profile_pic_url": "https://instagram.flim8-1.fna.fbcdn.net/v/t51.2885-19/326276650_864434871442804_735496185304659362_n.jpg?stp=dst-jpg_s150x150&_nc_ht=instagram.flim8-1.fna.fbcdn.net&_nc_cat=104&_nc_ohc=_U4fbkEdtccQ7kNvgEEtENQ&edm=AMrZAGUBAAAA&ccb=7-5&oh=00_AYA-nIYOPfCEqsIaDpkyCkf9JAI3uYnrb58XgLVHaAMCzg&oe=665B7339&_nc_sid=17eaee",
            "username": "hintecole"
        },
        "likes_count": 1,
        "answers": [
            {
                "id": 17904667240804908,
                "created_at": 1620003656,
                "text": "@hintecole \ud83d\ude4c\ud83d\ude4c",
                "owner": {
                    "id": "7228077074",
                    "is_verified": false,
                    "profile_pic_url": "https://instagram.flim13-1.fna.fbcdn.net/v/t51.2885-19/198545181_2880714405529556_8549079883861304013_n.jpg?stp=dst-jpg_s150x150&_nc_ht=instagram.flim13-1.fna.fbcdn.net&_nc_cat=108&_nc_ohc=PfW9nKqgVcIQ7kNvgHA-QE8&edm=AMrZAGUBAAAA&ccb=7-5&oh=00_AYCeUvDKB7VqdfhLHeEky2RyAC_tXzRAu9IzpAso21tOcg&oe=665B8EF9&_nc_sid=17eaee",
                    "username": "economicaperu"
                },
                "likes_count": 0
            }
        ]
    },
    {
        "id": "18223405423020666",
        "created_at": 1619997241,
        "text": "Siempre es un honor leer art\u00edculos del Sr. Carlos Contreras Carranza \ud83d\ude4c",
        "owner": {
            "id": "38343742516",
            "is_verified": false,
            "profile_pic_url": "https://instagram.flim13-1.fna.fbcdn.net/v/t51.2885-19/440890023_2745720992264449_5998457683684819114_n.jpg?stp=dst-jpg_s150x150&_nc_ht=instagram.flim13-1.fna.fbcdn.net&_nc_cat=101&_nc_ohc=Dr_sXSpDgBwQ7kNvgG-El-k&edm=AMrZAGUBAAAA&ccb=7-5&oh=00_AYBfLGfvHvyPxO982cs7ZH5JLAxGIO5UcanhWctHwhWTfw&oe=665B89A9&_nc_sid=17eaee",
            "username": "ninan.brioso09"
        },
        "likes_count": 1,
        "answers": [
            {
                "id": 18221328511018541,
                "created_at": 1620002561,
                "text": "@ninan.brioso09 as\u00ed es!",
                "owner": {
                    "id": "7228077074",
                    "is_verified": false,
                    "profile_pic_url": "https://instagram.flim13-1.fna.fbcdn.net/v/t51.2885-19/198545181_2880714405529556_8549079883861304013_n.jpg?stp=dst-jpg_s150x150&_nc_ht=instagram.flim13-1.fna.fbcdn.net&_nc_cat=108&_nc_ohc=PfW9nKqgVcIQ7kNvgHA-QE8&edm=AMrZAGUBAAAA&ccb=7-5&oh=00_AYCeUvDKB7VqdfhLHeEky2RyAC_tXzRAu9IzpAso21tOcg&oe=665B8EF9&_nc_sid=17eaee",
                    "username": "economicaperu"
                },
                "likes_count": 0
            }
        ]
    }
]