[
    {
        "id": "17880849317268691",
        "created_at": 1618939206,
        "text": "Claro la candidata  fujimori no se pronuncia sobre los intereses abusivos por que sus amigos banqueros  la tienen de rodillas",
        "owner": {
            "id": "6789371631",
            "is_verified": false,
            "profile_pic_url": "https://scontent-iad3-1.cdninstagram.com/v/t51.2885-19/44884218_345707102882519_2446069589734326272_n.jpg?_nc_ht=scontent-iad3-1.cdninstagram.com&_nc_cat=1&_nc_ohc=hzidlFdfQAUQ7kNvgHRLvlN&edm=AAAAAAABAAAA&ccb=7-5&ig_cache_key=YW5vbnltb3VzX3Byb2ZpbGVfcGlj.2-ccb7-5&oh=00_AYAJDVqDGS5CDTaAJEZZ6vZVRRgpdRX4z2r9BlR5yvszhQ&oe=665B650F&_nc_sid=2c5659",
            "username": "auditor1964"
        },
        "likes_count": 0,
        "answers": []
    },
    {
        "id": "17909292097751986",
        "created_at": 1618939168,
        "text": "Claro la candidata  fujimori no se pronuncia sobre los intereses abusivos por que sus amigos banqueros  la tienen de rodillas",
        "owner": {
            "id": "6789371631",
            "is_verified": false,
            "profile_pic_url": "https://scontent-iad3-1.cdninstagram.com/v/t51.2885-19/44884218_345707102882519_2446069589734326272_n.jpg?_nc_ht=scontent-iad3-1.cdninstagram.com&_nc_cat=1&_nc_ohc=hzidlFdfQAUQ7kNvgHRLvlN&edm=AAAAAAABAAAA&ccb=7-5&ig_cache_key=YW5vbnltb3VzX3Byb2ZpbGVfcGlj.2-ccb7-5&oh=00_AYAJDVqDGS5CDTaAJEZZ6vZVRRgpdRX4z2r9BlR5yvszhQ&oe=665B650F&_nc_sid=2c5659",
            "username": "auditor1964"
        },
        "likes_count": 0,
        "answers": []
    },
    {
        "id": "17968479925389955",
        "created_at": 1618764315,
        "text": "Nicol\u00e1s Maduro CASTILLO nunca",
        "owner": {
            "id": "22447514639",
            "is_verified": false,
            "profile_pic_url": "https://instagram.flim9-1.fna.fbcdn.net/v/t51.2885-19/74416051_635365487286729_2225243030166700032_n.jpg?stp=dst-jpg_s150x150&_nc_ht=instagram.flim9-1.fna.fbcdn.net&_nc_cat=109&_nc_ohc=eOTFtXG4yZAQ7kNvgHBM5M6&edm=AMrZAGUBAAAA&ccb=7-5&oh=00_AYAYr3mj-prrVPo3DFWohKsp0Cgem35eYDVQUlt3R2luQA&oe=665B8473&_nc_sid=17eaee",
            "username": "armandoinfo"
        },
        "likes_count": 0,
        "answers": []
    },
    {
        "id": "17908785523784283",
        "created_at": 1618715731,
        "text": "Keiko nunca",
        "owner": {
            "id": "581787382",
            "is_verified": false,
            "profile_pic_url": "https://instagram.flim8-1.fna.fbcdn.net/v/t51.2885-19/89298392_593640127892160_2345584865589592064_n.jpg?stp=dst-jpg_s150x150&_nc_ht=instagram.flim8-1.fna.fbcdn.net&_nc_cat=100&_nc_ohc=AG4OANhJfNIQ7kNvgEWAGx5&edm=AMrZAGUBAAAA&ccb=7-5&oh=00_AYDwbOfHU67R5j494OYa1wVoWxKh9ISVudmirh1JwEaBmw&oe=665B7276&_nc_sid=17eaee",
            "username": "leon_ardo7"
        },
        "likes_count": 0,
        "answers": [
            {
                "id": 18220834003044810,
                "created_at": 1618764325,
                "text": "@leon_ardo7 te gusta el modelo chavista?",
                "owner": {
                    "id": "22447514639",
                    "is_verified": false,
                    "profile_pic_url": "https://instagram.flim9-1.fna.fbcdn.net/v/t51.2885-19/74416051_635365487286729_2225243030166700032_n.jpg?stp=dst-jpg_s150x150&_nc_ht=instagram.flim9-1.fna.fbcdn.net&_nc_cat=109&_nc_ohc=eOTFtXG4yZAQ7kNvgHBM5M6&edm=AMrZAGUBAAAA&ccb=7-5&oh=00_AYAYr3mj-prrVPo3DFWohKsp0Cgem35eYDVQUlt3R2luQA&oe=665B8473&_nc_sid=17eaee",
                    "username": "armandoinfo"
                },
                "likes_count": 0
            }
        ]
    }
]