[
    {
        "id": "17856874070570901",
        "created_at": 1623275551,
        "text": "\ud83d\ude4c",
        "owner": {
            "id": "1600193487",
            "is_verified": false,
            "profile_pic_url": "https://instagram.flim9-1.fna.fbcdn.net/v/t51.2885-19/439987090_316550451249246_4217105103283871124_n.jpg?stp=dst-jpg_s150x150&_nc_ht=instagram.flim9-1.fna.fbcdn.net&_nc_cat=106&_nc_ohc=1ZXZlZPv5SwQ7kNvgF2F2nT&edm=AMrZAGUBAAAA&ccb=7-5&oh=00_AYCsOMLS2t2zrOn-aXuinvKvoM81-pQ7Fxo_sFq1VePXNw&oe=665B733D&_nc_sid=17eaee",
            "username": "angiequispe_"
        },
        "likes_count": 0,
        "answers": []
    },
    {
        "id": "17923191529636729",
        "created_at": 1623274946,
        "text": "\ud83d\ude4c\ud83d\ude4c\ud83d\ude4c\ud83d\ude4c",
        "owner": {
            "id": "1112862143",
            "is_verified": false,
            "profile_pic_url": "https://instagram.flim13-1.fna.fbcdn.net/v/t51.2885-19/281952300_5434573546574197_9129034078518160499_n.jpg?stp=dst-jpg_s150x150&_nc_ht=instagram.flim13-1.fna.fbcdn.net&_nc_cat=101&_nc_ohc=RMy7Odw88HMQ7kNvgF7vJrD&edm=AMrZAGUBAAAA&ccb=7-5&oh=00_AYAffwXrdwVridoAAvpt10WnGgzdoUpLY9_M4tB5FbxbfA&oe=665B6C43&_nc_sid=17eaee",
            "username": "claur.23"
        },
        "likes_count": 1,
        "answers": []
    },
    {
        "id": "17846700770605803",
        "created_at": 1623274891,
        "text": "\ud83d\ude4c\ud83c\udffc",
        "owner": {
            "id": "373143153",
            "is_verified": false,
            "profile_pic_url": "https://instagram.flim13-1.fna.fbcdn.net/v/t51.2885-19/446194452_464234669302858_7848477398630840791_n.jpg?stp=dst-jpg_s150x150&_nc_ht=instagram.flim13-1.fna.fbcdn.net&_nc_cat=110&_nc_ohc=e4X9GmnRDbQQ7kNvgG6VO82&edm=AMrZAGUBAAAA&ccb=7-5&oh=00_AYBplzNXHepr8RQ18U8gljm3xLT0Oe1KmReVU5L-h2oiKg&oe=665B7A22&_nc_sid=17eaee",
            "username": "antuanetpuelles"
        },
        "likes_count": 1,
        "answers": []
    },
    {
        "id": "17912942224834084",
        "created_at": 1623274671,
        "text": "\ud83d\ude0d",
        "owner": {
            "id": "1496637367",
            "is_verified": false,
            "profile_pic_url": "https://instagram.flim9-1.fna.fbcdn.net/v/t51.2885-19/442469297_1115520353020547_5182715984088903247_n.jpg?stp=dst-jpg_s150x150&_nc_ht=instagram.flim9-1.fna.fbcdn.net&_nc_cat=111&_nc_ohc=jxi4UH1M0AYQ7kNvgFmyfJf&edm=AMrZAGUBAAAA&ccb=7-5&oh=00_AYDWcBG-fLoaa0yRLHvqUNYuhM-SQ-w-Vvec5MM9pdggrg&oe=665B8DAF&_nc_sid=17eaee",
            "username": "lizsanteg"
        },
        "likes_count": 1,
        "answers": []
    }
]