[
    {
        "id": "17907065213087868",
        "created_at": 1630281747,
        "text": "@david.ayala09",
        "owner": {
            "id": "7552369685",
            "is_verified": false,
            "profile_pic_url": "https://instagram.flim13-1.fna.fbcdn.net/v/t51.2885-19/393964300_891773702283305_471185313950966132_n.jpg?stp=dst-jpg_s150x150&_nc_ht=instagram.flim13-1.fna.fbcdn.net&_nc_cat=105&_nc_ohc=Sl4bLhfyzjIQ7kNvgHksWI0&edm=AMrZAGUBAAAA&ccb=7-5&oh=00_AYCJJcZEElVDCL-2A1DRjFK-G5xWgz6qwkIDF_qoNhdEog&oe=665B796B&_nc_sid=17eaee",
            "username": "mariajimenamb"
        },
        "likes_count": 0,
        "answers": []
    },
    {
        "id": "17958909631469569",
        "created_at": 1630280078,
        "text": "Alg\u00fan requisito siendo de la PUCP?",
        "owner": {
            "id": "2073890188",
            "is_verified": false,
            "profile_pic_url": "https://instagram.flim8-1.fna.fbcdn.net/v/t51.2885-19/174805947_4163146653729480_8113422524075098311_n.jpg?stp=dst-jpg_s150x150&_nc_ht=instagram.flim8-1.fna.fbcdn.net&_nc_cat=100&_nc_ohc=9LLYRdbAazQQ7kNvgEyTKUT&edm=AMrZAGUBAAAA&ccb=7-5&oh=00_AYAPVZI8WlNbUdfIdNw3lK0NTxktpLJP7yvT8UlEsPmrgQ&oe=665B87AB&_nc_sid=17eaee",
            "username": "luisaron.ar"
        },
        "likes_count": 1,
        "answers": [
            {
                "id": 18178931551178306,
                "created_at": 1630281318,
                "text": "@luisaron_ar Hola, en un post anterior puedes ver los requisitos que solicita cada \u00e1rea \ud83d\ude4c\ud83c\udffb",
                "owner": {
                    "id": "7228077074",
                    "is_verified": false,
                    "profile_pic_url": "https://instagram.flim13-1.fna.fbcdn.net/v/t51.2885-19/198545181_2880714405529556_8549079883861304013_n.jpg?stp=dst-jpg_s150x150&_nc_ht=instagram.flim13-1.fna.fbcdn.net&_nc_cat=108&_nc_ohc=PfW9nKqgVcIQ7kNvgHA-QE8&edm=AMrZAGUBAAAA&ccb=7-5&oh=00_AYCeUvDKB7VqdfhLHeEky2RyAC_tXzRAu9IzpAso21tOcg&oe=665B8EF9&_nc_sid=17eaee",
                    "username": "economicaperu"
                },
                "likes_count": 0
            }
        ]
    },
    {
        "id": "17900432765186519",
        "created_at": 1630261267,
        "text": "@johnmoriale tu formulario!! \ud83d\ude43",
        "owner": {
            "id": "1926751118",
            "is_verified": false,
            "profile_pic_url": "https://instagram.flim8-1.fna.fbcdn.net/v/t51.2885-19/400191592_296438303262327_239606143890048111_n.jpg?stp=dst-jpg_s150x150&_nc_ht=instagram.flim8-1.fna.fbcdn.net&_nc_cat=103&_nc_ohc=Rgj8_qxZ8NUQ7kNvgHEcU6O&edm=AMrZAGUBAAAA&ccb=7-5&oh=00_AYA4RsmWF0IF0ZdRgWRlmcgkNYKED_RTk2zkCSQ3_HdLBQ&oe=665B7625&_nc_sid=17eaee",
            "username": "sayu.fernandez_"
        },
        "likes_count": 2,
        "answers": []
    },
    {
        "id": "17995669522348795",
        "created_at": 1630260650,
        "text": "\u00bfSolo para PUCP?",
        "owner": {
            "id": "44665678021",
            "is_verified": false,
            "profile_pic_url": "https://instagram.flim9-1.fna.fbcdn.net/v/t51.2885-19/443749568_333554799557023_4094750448086223477_n.jpg?stp=dst-jpg_s150x150&_nc_ht=instagram.flim9-1.fna.fbcdn.net&_nc_cat=107&_nc_ohc=oDaUYavMdVMQ7kNvgFurIWO&edm=AMrZAGUBAAAA&ccb=7-5&oh=00_AYAmXaCOmq6DDVG-1qKJ0gUkoYm0aq3AcK5Uj1dV_07FvQ&oe=665B5FD4&_nc_sid=17eaee",
            "username": "free_domj"
        },
        "likes_count": 1,
        "answers": [
            {
                "id": 17951072965502722,
                "created_at": 1630263655,
                "text": "@economicaperu \ud83d\ude34",
                "owner": {
                    "id": "3026828118",
                    "is_verified": false,
                    "profile_pic_url": "https://instagram.flim9-1.fna.fbcdn.net/v/t51.2885-19/353421874_811849986776526_5131319889440865726_n.jpg?stp=dst-jpg_s150x150&_nc_ht=instagram.flim9-1.fna.fbcdn.net&_nc_cat=106&_nc_ohc=ky9_ZD76kegQ7kNvgHF_GZm&edm=AMrZAGUBAAAA&ccb=7-5&oh=00_AYBlUC4z5wkIMvWn_if-RiS8OHXXCCGOfhKhaf_GmIYGhw&oe=665B7EF6&_nc_sid=17eaee",
                    "username": "jblancasvg"
                },
                "likes_count": 0
            },
            {
                "id": 17899126433111806,
                "created_at": 1630262173,
                "text": "@free_domj Hola, s\u00ed, la convocatoria es solo para los estudiantes de la PUCP\ud83d\ude4c\ud83c\udffb",
                "owner": {
                    "id": "7228077074",
                    "is_verified": false,
                    "profile_pic_url": "https://instagram.flim13-1.fna.fbcdn.net/v/t51.2885-19/198545181_2880714405529556_8549079883861304013_n.jpg?stp=dst-jpg_s150x150&_nc_ht=instagram.flim13-1.fna.fbcdn.net&_nc_cat=108&_nc_ohc=PfW9nKqgVcIQ7kNvgHA-QE8&edm=AMrZAGUBAAAA&ccb=7-5&oh=00_AYCeUvDKB7VqdfhLHeEky2RyAC_tXzRAu9IzpAso21tOcg&oe=665B8EF9&_nc_sid=17eaee",
                    "username": "economicaperu"
                },
                "likes_count": 0
            }
        ]
    },
    {
        "id": "17933238637650104",
        "created_at": 1630258815,
        "text": "@anacristinaangc \u2764\ufe0f",
        "owner": {
            "id": "177393727",
            "is_verified": false,
            "profile_pic_url": "https://instagram.flim13-1.fna.fbcdn.net/v/t51.2885-19/417444426_1460619391188269_3846138360692691487_n.jpg?stp=dst-jpg_s150x150&_nc_ht=instagram.flim13-1.fna.fbcdn.net&_nc_cat=105&_nc_ohc=eRu86Mj1P-8Q7kNvgHtO-tL&edm=AMrZAGUBAAAA&ccb=7-5&oh=00_AYA-doLcYlNNiKC0EllDVU5GgCER5rOglHZ3Jab7fhIdkw&oe=665B6898&_nc_sid=17eaee",
            "username": "magmma_"
        },
        "likes_count": 1,
        "answers": []
    },
    {
        "id": "17915189359844852",
        "created_at": 1630258561,
        "text": "\u00bf La convocatoria es solamente para gente de la PUCP?",
        "owner": {
            "id": "5727255521",
            "is_verified": false,
            "profile_pic_url": "https://instagram.flim8-1.fna.fbcdn.net/v/t51.2885-19/103494188_1937431206387216_3813814689077851917_n.jpg?stp=dst-jpg_s150x150&_nc_ht=instagram.flim8-1.fna.fbcdn.net&_nc_cat=100&_nc_ohc=Dm9RcQjnLQAQ7kNvgHlnsxP&edm=AMrZAGUBAAAA&ccb=7-5&oh=00_AYDCWQQv3GeE0m1wDekFD4p5SVXzyHRebIdda7jehVbiCg&oe=665B81F9&_nc_sid=17eaee",
            "username": "lamg0201"
        },
        "likes_count": 1,
        "answers": [
            {
                "id": 17919012181801921,
                "created_at": 1630262142,
                "text": "Hola, @lamg0201, s\u00ed, la convocatoria es solo para los estudiantes de la PUCP \ud83d\ude4c\ud83c\udffb",
                "owner": {
                    "id": "7228077074",
                    "is_verified": false,
                    "profile_pic_url": "https://instagram.flim13-1.fna.fbcdn.net/v/t51.2885-19/198545181_2880714405529556_8549079883861304013_n.jpg?stp=dst-jpg_s150x150&_nc_ht=instagram.flim13-1.fna.fbcdn.net&_nc_cat=108&_nc_ohc=PfW9nKqgVcIQ7kNvgHA-QE8&edm=AMrZAGUBAAAA&ccb=7-5&oh=00_AYCeUvDKB7VqdfhLHeEky2RyAC_tXzRAu9IzpAso21tOcg&oe=665B8EF9&_nc_sid=17eaee",
                    "username": "economicaperu"
                },
                "likes_count": 0
            }
        ]
    }
]