[
    {
        "id": "17895361057953518",
        "created_at": 1617322110,
        "text": "Francke\ud83d\ude02\ud83d\ude02\ud83d\ude02 ya se perdi\u00f3 la seriedad",
        "owner": {
            "id": "1950763810",
            "is_verified": false,
            "profile_pic_url": "https://instagram.flim13-1.fna.fbcdn.net/v/t51.2885-19/241700222_174185198080112_8728142243609948602_n.jpg?stp=dst-jpg_s150x150&_nc_ht=instagram.flim13-1.fna.fbcdn.net&_nc_cat=108&_nc_ohc=fLNLchgwsCQQ7kNvgErboL-&edm=AMrZAGUBAAAA&ccb=7-5&oh=00_AYBqqB2pCC4G09yeNWD4jX1uoCMU6wOngkn5bLNQuX429Q&oe=665B63BE&_nc_sid=17eaee",
            "username": "nep.ab"
        },
        "likes_count": 1,
        "answers": []
    },
    {
        "id": "17893503877991006",
        "created_at": 1617321142,
        "text": "Si no hay propaganda pol\u00edtica le entro.",
        "owner": {
            "id": "6371608657",
            "is_verified": false,
            "profile_pic_url": "https://instagram.flim13-1.fna.fbcdn.net/v/t51.2885-19/431853501_885869376626878_432840115489026956_n.jpg?stp=dst-jpg_s150x150&_nc_ht=instagram.flim13-1.fna.fbcdn.net&_nc_cat=110&_nc_ohc=4nH-dAcTxakQ7kNvgEQTVuS&edm=AMrZAGUBAAAA&ccb=7-5&oh=00_AYBbHPbrSvJXkv9d5Sx7X6bBL7LBASfvNDeDos-0b_OjBg&oe=665B6E33&_nc_sid=17eaee",
            "username": "vrosoly_coolface"
        },
        "likes_count": 0,
        "answers": []
    }
]