[
    {
        "id": "17925277646001712",
        "created_at": 1640117747,
        "text": "25 o 24 ?",
        "owner": {
            "id": "4419979001",
            "is_verified": false,
            "profile_pic_url": "https://instagram.flim13-1.fna.fbcdn.net/v/t51.2885-19/306477793_2587637151378805_6516837842722743775_n.jpg?stp=dst-jpg_s150x150&_nc_ht=instagram.flim13-1.fna.fbcdn.net&_nc_cat=101&_nc_ohc=2-oRgsFskkwQ7kNvgHsSpLA&edm=AMrZAGUBAAAA&ccb=7-5&oh=00_AYChBH-DvTT4ptp8SvCqcRrTDHC15A6kmwVne0MUS7H0xA&oe=665B67CF&_nc_sid=17eaee",
            "username": "cchnoe"
        },
        "likes_count": 0,
        "answers": []
    }
]