[
    {
        "id": "17914852363680182",
        "created_at": 1619233966,
        "text": "@leees.tr @menocalxiomara",
        "owner": {
            "id": "2022613227",
            "is_verified": false,
            "profile_pic_url": "https://instagram.flim8-1.fna.fbcdn.net/v/t51.2885-19/395106502_864361278298116_8689603930464829075_n.jpg?stp=dst-jpg_s150x150&_nc_ht=instagram.flim8-1.fna.fbcdn.net&_nc_cat=100&_nc_ohc=fpTv-ghf290Q7kNvgHMReJY&edm=AMrZAGUBAAAA&ccb=7-5&oh=00_AYBwH-SEEsuhh1JyWcl93C4NOhamQFN9PzZHLwwVrnS1tg&oe=665B7EB3&_nc_sid=17eaee",
            "username": "medalit_vs"
        },
        "likes_count": 1,
        "answers": []
    },
    {
        "id": "17860013759518367",
        "created_at": 1619190702,
        "text": "@miguelangel.mf",
        "owner": {
            "id": "1451253841",
            "is_verified": false,
            "profile_pic_url": "https://instagram.flim9-1.fna.fbcdn.net/v/t51.2885-19/434228930_430795052735635_1627112639749341865_n.jpg?stp=dst-jpg_s150x150&_nc_ht=instagram.flim9-1.fna.fbcdn.net&_nc_cat=107&_nc_ohc=XpRAdRTDfnwQ7kNvgFJQp41&edm=AMrZAGUBAAAA&ccb=7-5&oh=00_AYB3M9JZ-v7h1gs4oAUEWlLE_CsmaNmnqcKgCsE_PJoxxQ&oe=665B67B2&_nc_sid=17eaee",
            "username": "romcach"
        },
        "likes_count": 1,
        "answers": []
    },
    {
        "id": "18040361575289544",
        "created_at": 1619134277,
        "text": "@thaliamoya_ @jhairchevez",
        "owner": {
            "id": "1635517334",
            "is_verified": false,
            "profile_pic_url": "https://instagram.flim13-1.fna.fbcdn.net/v/t51.2885-19/395050480_892540028962930_8297946603876357104_n.jpg?stp=dst-jpg_s150x150&_nc_ht=instagram.flim13-1.fna.fbcdn.net&_nc_cat=110&_nc_ohc=FsXbMFb8LrEQ7kNvgHLJYyN&edm=AMrZAGUBAAAA&ccb=7-5&oh=00_AYA-CuS0aeu-mhdD3QyFfcuwGFNq-e3TJp6hyM3RgXrRJQ&oe=665B6D52&_nc_sid=17eaee",
            "username": "olenka.vilchez"
        },
        "likes_count": 1,
        "answers": []
    },
    {
        "id": "17848558493567037",
        "created_at": 1619130715,
        "text": "\ud83d\ude4c",
        "owner": {
            "id": "1600193487",
            "is_verified": false,
            "profile_pic_url": "https://instagram.flim9-1.fna.fbcdn.net/v/t51.2885-19/439987090_316550451249246_4217105103283871124_n.jpg?stp=dst-jpg_s150x150&_nc_ht=instagram.flim9-1.fna.fbcdn.net&_nc_cat=106&_nc_ohc=1ZXZlZPv5SwQ7kNvgF2F2nT&edm=AMrZAGUBAAAA&ccb=7-5&oh=00_AYCsOMLS2t2zrOn-aXuinvKvoM81-pQ7Fxo_sFq1VePXNw&oe=665B733D&_nc_sid=17eaee",
            "username": "angiequispe_"
        },
        "likes_count": 1,
        "answers": []
    },
    {
        "id": "17950033234442844",
        "created_at": 1619128531,
        "text": "@angelgorojas @belen_agurto_ @mariainesgarcia__ @estefanihyl",
        "owner": {
            "id": "6278555517",
            "is_verified": false,
            "profile_pic_url": "https://instagram.flim8-1.fna.fbcdn.net/v/t51.2885-19/425589854_359689200163839_8231979271800212766_n.jpg?stp=dst-jpg_s150x150&_nc_ht=instagram.flim8-1.fna.fbcdn.net&_nc_cat=103&_nc_ohc=4esUPaIqFyIQ7kNvgH82CHs&edm=AMrZAGUBAAAA&ccb=7-5&oh=00_AYDEeZVZfZsMSKy9S6OosF3TWRg-qLXzGYEANnBJ-cSzkQ&oe=665B688C&_nc_sid=17eaee",
            "username": "mervy_mulatillo"
        },
        "likes_count": 4,
        "answers": []
    }
]