[
    {
        "id": "17883474323427403",
        "created_at": 1632623567,
        "text": "Donde puedo leer sus publicaciones??",
        "owner": {
            "id": "11684237011",
            "is_verified": false,
            "profile_pic_url": "https://instagram.flim13-1.fna.fbcdn.net/v/t51.2885-19/333582078_744709530498656_8202641797907159716_n.jpg?stp=dst-jpg_s150x150&_nc_ht=instagram.flim13-1.fna.fbcdn.net&_nc_cat=108&_nc_ohc=RjSPNeyPSJEQ7kNvgGP-t6S&edm=AMrZAGUBAAAA&ccb=7-5&oh=00_AYAKiQR4bo78Dehpzd9yryJqBIG8eZaJs8FwerhGBEb2HA&oe=665B8594&_nc_sid=17eaee",
            "username": "christiam.xtiam"
        },
        "likes_count": 0,
        "answers": []
    },
    {
        "id": "17951323288525788",
        "created_at": 1632600381,
        "text": "Que pongan su cv",
        "owner": {
            "id": "220932688",
            "is_verified": false,
            "profile_pic_url": "https://instagram.flim8-1.fna.fbcdn.net/v/t51.2885-19/418793400_919095343168584_8567588372954772902_n.jpg?stp=dst-jpg_s150x150&_nc_ht=instagram.flim8-1.fna.fbcdn.net&_nc_cat=100&_nc_ohc=STmjJIRs9kQQ7kNvgHEAvG3&edm=AMrZAGUBAAAA&ccb=7-5&oh=00_AYAXOm2iBSTp0te9U_u5rWa2Kvn6RtJDykkt4ypgqpwI1w&oe=665B89CB&_nc_sid=17eaee",
            "username": "eduardo_cerron"
        },
        "likes_count": 0,
        "answers": []
    },
    {
        "id": "17889751964454903",
        "created_at": 1632593602,
        "text": "@johangllrdo que crack Praxedes\u2764\ufe0f",
        "owner": {
            "id": "631983656",
            "is_verified": false,
            "profile_pic_url": "https://instagram.flim13-1.fna.fbcdn.net/v/t51.2885-19/446081595_1134981101074021_7720282293617559016_n.jpg?stp=dst-jpg_s150x150&_nc_ht=instagram.flim13-1.fna.fbcdn.net&_nc_cat=101&_nc_ohc=qlVRhfzJ6_sQ7kNvgH8CIJq&edm=AMrZAGUBAAAA&ccb=7-5&oh=00_AYB01TlevYsbo6M-602U1DcYfj6znDDIb4oLk37yuLf1UQ&oe=665B7A7E&_nc_sid=17eaee",
            "username": "whos_gypsi"
        },
        "likes_count": 0,
        "answers": [
            {
                "id": 18172743886153336,
                "created_at": 1632593661,
                "text": "@gypsiac tqm guapa\u2764\ufe0f",
                "owner": {
                    "id": "2053390002",
                    "is_verified": false,
                    "profile_pic_url": "https://instagram.flim13-1.fna.fbcdn.net/v/t51.2885-19/444227799_1497581900838953_6552486126029793526_n.jpg?stp=dst-jpg_s150x150&_nc_ht=instagram.flim13-1.fna.fbcdn.net&_nc_cat=105&_nc_ohc=r5ebpjZ-ScEQ7kNvgHHXvut&edm=AMrZAGUBAAAA&ccb=7-5&oh=00_AYAmOCUfr58D8yCxxWxqPEGb5Wd_I9uPGpddn1rzGq_q_A&oe=665B75E1&_nc_sid=17eaee",
                    "username": "klciferrr"
                },
                "likes_count": 0
            }
        ]
    },
    {
        "id": "17941975990589864",
        "created_at": 1632592629,
        "text": "@peter.torres03 felicidades\ud83d\ude4c gringo wachiman",
        "owner": {
            "id": "4856414635",
            "is_verified": false,
            "profile_pic_url": "https://instagram.flim13-1.fna.fbcdn.net/v/t51.2885-19/365008869_293549180020342_7828305708959774910_n.jpg?stp=dst-jpg_s150x150&_nc_ht=instagram.flim13-1.fna.fbcdn.net&_nc_cat=110&_nc_ohc=ahmRofT5hxgQ7kNvgFtPiPp&edm=AMrZAGUBAAAA&ccb=7-5&oh=00_AYA-TdqEORDgyMAetrRWdwGQ5PYrGcXXzOTXicVqwK7RiQ&oe=665B7B84&_nc_sid=17eaee",
            "username": "max_rach"
        },
        "likes_count": 1,
        "answers": [
            {
                "id": 17904508634184034,
                "created_at": 1632592740,
                "text": "@max_rach uy papi thanks \ud83e\udd75",
                "owner": {
                    "id": "4461237692",
                    "is_verified": false,
                    "profile_pic_url": "https://instagram.flim9-1.fna.fbcdn.net/v/t51.2885-19/291273074_1124615114761977_7506960101829974177_n.jpg?stp=dst-jpg_s150x150&_nc_ht=instagram.flim9-1.fna.fbcdn.net&_nc_cat=109&_nc_ohc=RcL8w5U--jMQ7kNvgG9P8bt&edm=AMrZAGUBAAAA&ccb=7-5&oh=00_AYAMxw0PU4TJFQYJreqqNdsKN2_rsuXlS5b600L6xoU2Qw&oe=665B8550&_nc_sid=17eaee",
                    "username": "peter.torres03"
                },
                "likes_count": 1
            }
        ]
    },
    {
        "id": "17929331470687378",
        "created_at": 1632592446,
        "text": "@daniellavillanuevadiaz felicidades \ud83d\udc4f",
        "owner": {
            "id": "7802478197",
            "is_verified": false,
            "profile_pic_url": "https://instagram.flim13-1.fna.fbcdn.net/v/t51.2885-19/317751768_679677963684682_1724845200171230634_n.jpg?stp=dst-jpg_s150x150&_nc_ht=instagram.flim13-1.fna.fbcdn.net&_nc_cat=110&_nc_ohc=9cUhbLOyankQ7kNvgE04drE&edm=AMrZAGUBAAAA&ccb=7-5&oh=00_AYCmWdAqoSLwfzhB0q8Cd3wrrLdV1Z1PRNjwqHKy7eXkvQ&oe=665B7A12&_nc_sid=17eaee",
            "username": "angie.as.09"
        },
        "likes_count": 0,
        "answers": []
    },
    {
        "id": "18260055559012801",
        "created_at": 1632592415,
        "text": "@daniellavillanuevadiaz felicidades \ud83d\udc4f",
        "owner": {
            "id": "7802478197",
            "is_verified": false,
            "profile_pic_url": "https://instagram.flim13-1.fna.fbcdn.net/v/t51.2885-19/317751768_679677963684682_1724845200171230634_n.jpg?stp=dst-jpg_s150x150&_nc_ht=instagram.flim13-1.fna.fbcdn.net&_nc_cat=110&_nc_ohc=9cUhbLOyankQ7kNvgE04drE&edm=AMrZAGUBAAAA&ccb=7-5&oh=00_AYCmWdAqoSLwfzhB0q8Cd3wrrLdV1Z1PRNjwqHKy7eXkvQ&oe=665B7A12&_nc_sid=17eaee",
            "username": "angie.as.09"
        },
        "likes_count": 0,
        "answers": []
    },
    {
        "id": "17895170096479331",
        "created_at": 1632591738,
        "text": "@xxdaniela02 felicidades \u2764\ufe0f\u200d\ud83d\udd25",
        "owner": {
            "id": "297592298",
            "is_verified": false,
            "profile_pic_url": "https://instagram.flim9-1.fna.fbcdn.net/v/t51.2885-19/440618742_962164315455763_6243194889382875824_n.jpg?stp=dst-jpg_s150x150&_nc_ht=instagram.flim9-1.fna.fbcdn.net&_nc_cat=107&_nc_ohc=aQosLMKOUD4Q7kNvgFT5vbX&edm=AMrZAGUBAAAA&ccb=7-5&oh=00_AYA4Mlrs-ywvWh0-qXsYGfbAWjTr4j4FdHzSaQvidiccDQ&oe=665B8D59&_nc_sid=17eaee",
            "username": "paumaart"
        },
        "likes_count": 0,
        "answers": []
    },
    {
        "id": "18130111933220434",
        "created_at": 1632591724,
        "text": "@xxdaniela02 felicidades \u2764\ufe0f\u200d\ud83d\udd25",
        "owner": {
            "id": "297592298",
            "is_verified": false,
            "profile_pic_url": "https://instagram.flim9-1.fna.fbcdn.net/v/t51.2885-19/440618742_962164315455763_6243194889382875824_n.jpg?stp=dst-jpg_s150x150&_nc_ht=instagram.flim9-1.fna.fbcdn.net&_nc_cat=107&_nc_ohc=aQosLMKOUD4Q7kNvgFT5vbX&edm=AMrZAGUBAAAA&ccb=7-5&oh=00_AYA4Mlrs-ywvWh0-qXsYGfbAWjTr4j4FdHzSaQvidiccDQ&oe=665B8D59&_nc_sid=17eaee",
            "username": "paumaart"
        },
        "likes_count": 0,
        "answers": []
    },
    {
        "id": "17915990035965263",
        "created_at": 1632590933,
        "text": "@anacristinaangc crack \ud83d\udc95",
        "owner": {
            "id": "1161006012",
            "is_verified": false,
            "profile_pic_url": "https://instagram.flim8-1.fna.fbcdn.net/v/t51.2885-19/167630684_248221010382720_7304297968875860648_n.jpg?stp=dst-jpg_s150x150&_nc_ht=instagram.flim8-1.fna.fbcdn.net&_nc_cat=100&_nc_ohc=awWRBeJn4QsQ7kNvgEIZJtQ&edm=AMrZAGUBAAAA&ccb=7-5&oh=00_AYD6VObja8MSyOAxVLXJZ8_e0JjgRLJfp5ks4J6lxtt9RA&oe=665B6D64&_nc_sid=17eaee",
            "username": "angelacoapaza"
        },
        "likes_count": 1,
        "answers": [
            {
                "id": 17977326856423687,
                "created_at": 1632591542,
                "text": "@angelacoapaza tqm \ud83e\udd70",
                "owner": {
                    "id": "874108909",
                    "is_verified": false,
                    "profile_pic_url": "https://instagram.flim8-1.fna.fbcdn.net/v/t51.2885-19/340847169_555389533404592_3029859974299825676_n.jpg?stp=dst-jpg_s150x150&_nc_ht=instagram.flim8-1.fna.fbcdn.net&_nc_cat=104&_nc_ohc=kLfDRuO_1D8Q7kNvgGVzNnM&edm=AMrZAGUBAAAA&ccb=7-5&oh=00_AYALooIAFHUH7pyoFdkf2DdSiBbHXf3ZI3si3nY0VGpBmA&oe=665B5F02&_nc_sid=17eaee",
                    "username": "anacristinaangc"
                },
                "likes_count": 0
            }
        ]
    },
    {
        "id": "17882167580463002",
        "created_at": 1632589359,
        "text": "@anacristinaangc \u2764\ufe0f\u2764\ufe0f\u2764\ufe0f felicidades, Anita",
        "owner": {
            "id": "3298324048",
            "is_verified": false,
            "profile_pic_url": "https://scontent-lga3-2.cdninstagram.com/v/t51.2885-19/44884218_345707102882519_2446069589734326272_n.jpg?_nc_ht=scontent-lga3-2.cdninstagram.com&_nc_cat=1&_nc_ohc=hzidlFdfQAUQ7kNvgH0Dsv9&edm=AEsR1pMBAAAA&ccb=7-5&ig_cache_key=YW5vbnltb3VzX3Byb2ZpbGVfcGlj.2-ccb7-5&oh=00_AYBkOGoFA7kkHeUf6bF_OKjRtrmaGPWc3kaI67Wox54FEQ&oe=665B650F&_nc_sid=e2f88a",
            "username": "patosad_"
        },
        "likes_count": 1,
        "answers": [
            {
                "id": 17916824656959589,
                "created_at": 1632591827,
                "text": "@andreabrizeth01 \ud83e\udd70\ud83e\udd70\ud83e\udd70",
                "owner": {
                    "id": "874108909",
                    "is_verified": false,
                    "profile_pic_url": "https://instagram.flim8-1.fna.fbcdn.net/v/t51.2885-19/340847169_555389533404592_3029859974299825676_n.jpg?stp=dst-jpg_s150x150&_nc_ht=instagram.flim8-1.fna.fbcdn.net&_nc_cat=104&_nc_ohc=kLfDRuO_1D8Q7kNvgGVzNnM&edm=AMrZAGUBAAAA&ccb=7-5&oh=00_AYALooIAFHUH7pyoFdkf2DdSiBbHXf3ZI3si3nY0VGpBmA&oe=665B5F02&_nc_sid=17eaee",
                    "username": "anacristinaangc"
                },
                "likes_count": 0
            }
        ]
    },
    {
        "id": "18174587128156705",
        "created_at": 1632588505,
        "text": "@johangllrdo eres un capoooo! \ud83d\udc99\ud83d\udcaf\ud83d\udcaf",
        "owner": {
            "id": "1959633331",
            "is_verified": false,
            "profile_pic_url": "https://instagram.flim9-1.fna.fbcdn.net/v/t51.2885-19/440726429_813813673947786_1425026290212320245_n.jpg?stp=dst-jpg_s150x150&_nc_ht=instagram.flim9-1.fna.fbcdn.net&_nc_cat=106&_nc_ohc=yDT7rgIF1rMQ7kNvgFBrC0e&edm=AMrZAGUBAAAA&ccb=7-5&oh=00_AYDYQokoZLfOecmbzQvdPHPaAOqC5k5osAd_WeRu2ev1gw&oe=665B7042&_nc_sid=17eaee",
            "username": "adrigarciamont"
        },
        "likes_count": 0,
        "answers": [
            {
                "id": 17921705293803317,
                "created_at": 1632590020,
                "text": "@adrigarciamont gracias tqm adri\u2764\ufe0f\u2764\ufe0f",
                "owner": {
                    "id": "2053390002",
                    "is_verified": false,
                    "profile_pic_url": "https://instagram.flim13-1.fna.fbcdn.net/v/t51.2885-19/444227799_1497581900838953_6552486126029793526_n.jpg?stp=dst-jpg_s150x150&_nc_ht=instagram.flim13-1.fna.fbcdn.net&_nc_cat=105&_nc_ohc=r5ebpjZ-ScEQ7kNvgHHXvut&edm=AMrZAGUBAAAA&ccb=7-5&oh=00_AYAmOCUfr58D8yCxxWxqPEGb5Wd_I9uPGpddn1rzGq_q_A&oe=665B75E1&_nc_sid=17eaee",
                    "username": "klciferrr"
                },
                "likes_count": 1
            }
        ]
    },
    {
        "id": "17862164789581987",
        "created_at": 1632588002,
        "text": "@karolaaaaaam Felicidadeeees Karol \u2728\u2728",
        "owner": {
            "id": "1589884016",
            "is_verified": false,
            "profile_pic_url": "https://instagram.flim13-1.fna.fbcdn.net/v/t51.2885-19/289722280_766888287778690_4191781286004304143_n.jpg?stp=dst-jpg_s150x150&_nc_ht=instagram.flim13-1.fna.fbcdn.net&_nc_cat=110&_nc_ohc=lxlb7NM46qwQ7kNvgHSCGPY&edm=AMrZAGUBAAAA&ccb=7-5&oh=00_AYCnlN0MMT67X97bAWgq9uO9l5yjfOrc3TUKB5x02SAIuQ&oe=665B801D&_nc_sid=17eaee",
            "username": "axelvarez"
        },
        "likes_count": 1,
        "answers": [
            {
                "id": 17901429569245642,
                "created_at": 1632590879,
                "text": "@axelvarez graciiaaasss\ud83d\udc9a\ud83d\ude4c",
                "owner": {
                    "id": "2182320634",
                    "is_verified": false,
                    "profile_pic_url": "https://instagram.flim13-1.fna.fbcdn.net/v/t51.2885-19/385280993_6563436240441845_6663637592788335750_n.jpg?stp=dst-jpg_s150x150&_nc_ht=instagram.flim13-1.fna.fbcdn.net&_nc_cat=105&_nc_ohc=8CWprvKVZ4IQ7kNvgH8cCG9&edm=AMrZAGUBAAAA&ccb=7-5&oh=00_AYChnPuVOj7UZOPo_EcuWDbr7fe9lrc1F6t37CZrpGcp7g&oe=665B88A3&_nc_sid=17eaee",
                    "username": "karolalexandra_02"
                },
                "likes_count": 0
            }
        ]
    },
    {
        "id": "17923877644755936",
        "created_at": 1632587946,
        "text": "@lis_morales_26 felicidades amigaaa\u2764",
        "owner": {
            "id": "2356792521",
            "is_verified": false,
            "profile_pic_url": "https://instagram.flim8-1.fna.fbcdn.net/v/t51.2885-19/286035446_774804597234698_890237039111850951_n.jpg?stp=dst-jpg_s150x150&_nc_ht=instagram.flim8-1.fna.fbcdn.net&_nc_cat=102&_nc_ohc=luXfj17Rx5IQ7kNvgFzjNSD&edm=AMrZAGUBAAAA&ccb=7-5&oh=00_AYBBySBg6CodC4Iak5Q-Z6qPTS5_gwfEXzLEGFyO21TOoQ&oe=665B924C&_nc_sid=17eaee",
            "username": "heidiparedes98"
        },
        "likes_count": 1,
        "answers": []
    },
    {
        "id": "17947323436555484",
        "created_at": 1632586954,
        "text": "@milena.jg felicidadeees!!! \ud83e\udd17\ud83e\udd73",
        "owner": {
            "id": "5538648996",
            "is_verified": false,
            "profile_pic_url": "https://instagram.flim13-1.fna.fbcdn.net/v/t51.2885-19/445175185_463177296233965_4153374943231827892_n.jpg?stp=dst-jpg_s150x150&_nc_ht=instagram.flim13-1.fna.fbcdn.net&_nc_cat=101&_nc_ohc=XUnZLqTV5s8Q7kNvgF2N1MK&edm=AMrZAGUBAAAA&ccb=7-5&oh=00_AYAZaMiR3qYO2qisKX4eNxvCh-iozB_nqQMsIFG_FH3XIw&oe=665B923E&_nc_sid=17eaee",
            "username": "juanca.vch"
        },
        "likes_count": 1,
        "answers": [
            {
                "id": 17880932237469078,
                "created_at": 1632614029,
                "text": "@juanca.vch gracias Juanca \ud83c\udf89",
                "owner": {
                    "id": "633253053",
                    "is_verified": false,
                    "profile_pic_url": "https://instagram.flim8-1.fna.fbcdn.net/v/t51.2885-19/354237790_704169011116502_8031912385552640379_n.jpg?stp=dst-jpg_s150x150&_nc_ht=instagram.flim8-1.fna.fbcdn.net&_nc_cat=102&_nc_ohc=R1wonxgfNx0Q7kNvgH5XOqt&edm=AMrZAGUBAAAA&ccb=7-5&oh=00_AYCpALr_IAH_8ylIIY40scBBxV11ugL2QNBWGp6nHKl2tA&oe=665B8790&_nc_sid=17eaee",
                    "username": "milena.jg"
                },
                "likes_count": 1
            }
        ]
    },
    {
        "id": "17976687931397382",
        "created_at": 1632586588,
        "text": "@mirella_lt \ud83d\udc4f\ud83d\ude4c\u2728 ah\u00ed est\u00e1s amix!!",
        "owner": {
            "id": "8543461954",
            "is_verified": false,
            "profile_pic_url": "https://instagram.flim9-1.fna.fbcdn.net/v/t51.2885-19/395517094_184605751358190_187412583300419281_n.jpg?stp=dst-jpg_s150x150&_nc_ht=instagram.flim9-1.fna.fbcdn.net&_nc_cat=106&_nc_ohc=AqoNPPikPtUQ7kNvgH6dhYT&edm=AMrZAGUBAAAA&ccb=7-5&oh=00_AYDuqIDWBsCc-f_ZMLJ-MiWjddpfwIxfXZ8WcEXh3D8eXg&oe=665B7D5A&_nc_sid=17eaee",
            "username": "karen.rivera.m"
        },
        "likes_count": 1,
        "answers": []
    },
    {
        "id": "17908502120019942",
        "created_at": 1632586543,
        "text": "@sebastianec21 estoy muy orgulloso de ti, \u00e9xitos Sebas",
        "owner": {
            "id": "1330221011",
            "is_verified": false,
            "profile_pic_url": "https://instagram.flim13-1.fna.fbcdn.net/v/t51.2885-19/437971376_776580557489072_839249689424145708_n.jpg?stp=dst-jpg_s150x150&_nc_ht=instagram.flim13-1.fna.fbcdn.net&_nc_cat=108&_nc_ohc=eHVDS6vHvQQQ7kNvgGpSAeY&edm=AMrZAGUBAAAA&ccb=7-5&oh=00_AYDwZ-zPJOcFEJ9AT4pqyP4mgzE2tae4Pu1HgUJSW4YAhw&oe=665B7658&_nc_sid=17eaee",
            "username": "marcosilupu"
        },
        "likes_count": 1,
        "answers": [
            {
                "id": 17912734490067401,
                "created_at": 1632587362,
                "text": "@marcosilupu graciaaas \ud83e\udd7a\ud83e\udd73",
                "owner": {
                    "id": "1630994318",
                    "profile_pic_url": "https://instagram.flim9-1.fna.fbcdn.net/v/t51.2885-19/434206544_25402708792676023_4051008263384259883_n.jpg?stp=dst-jpg_s150x150&_nc_ht=instagram.flim9-1.fna.fbcdn.net&_nc_cat=107&_nc_ohc=qEGSAl7FEo4Q7kNvgEqmTry&edm=AF1ddXUBAAAA&ccb=7-5&oh=00_AYA9cvDQtYIMjZ-8hXWTlynmdtHN9k0W_oJ9U_OT8YOoCQ&oe=665B8E7E&_nc_sid=cf751b",
                    "username": "sebastianec21"
                },
                "likes_count": 0
            }
        ]
    },
    {
        "id": "17912946566017432",
        "created_at": 1632586327,
        "text": "@liliana_vf soy tu fan bb",
        "owner": {
            "id": "5750074826",
            "is_verified": false,
            "profile_pic_url": "https://instagram.flim9-1.fna.fbcdn.net/v/t51.2885-19/429423379_1346399336056281_6695541844621022291_n.jpg?stp=dst-jpg_s150x150&_nc_ht=instagram.flim9-1.fna.fbcdn.net&_nc_cat=109&_nc_ohc=nV1w_YhON-gQ7kNvgE-PGiD&edm=AMrZAGUBAAAA&ccb=7-5&oh=00_AYBnlPt-8tgcoTLsglITLxNKSkSHGjdEsQJ5PJRmQaxMjw&oe=665B866E&_nc_sid=17eaee",
            "username": "fatima_ktr"
        },
        "likes_count": 1,
        "answers": [
            {
                "id": 17924026558755056,
                "created_at": 1632588617,
                "text": "@fatima_ktr \u2764\ufe0f\u2764\ufe0f",
                "owner": {
                    "id": "1226232047",
                    "is_verified": false,
                    "profile_pic_url": "https://instagram.flim8-1.fna.fbcdn.net/v/t51.2885-19/438621121_3746318498983311_5450781786721550199_n.jpg?stp=dst-jpg_s150x150&_nc_ht=instagram.flim8-1.fna.fbcdn.net&_nc_cat=103&_nc_ohc=1FBpHUi6pKEQ7kNvgGyEJDm&edm=AMrZAGUBAAAA&ccb=7-5&oh=00_AYBCtAnFrx5Y8o8k4fXeYQaNk5o006ucQpqLQz5kmOdBxg&oe=665B8855&_nc_sid=17eaee",
                    "username": "liliana_vf"
                },
                "likes_count": 0
            }
        ]
    },
    {
        "id": "18253721305028411",
        "created_at": 1632586322,
        "text": "@migceli.canabi owowwoow so proud of u \u2764\ufe0f\u2764\ufe0f\u2764\ufe0f",
        "owner": {
            "id": "1691044445",
            "is_verified": false,
            "profile_pic_url": "https://instagram.flim8-1.fna.fbcdn.net/v/t51.2885-19/434044640_1117259146228828_5715987568874027385_n.jpg?stp=dst-jpg_s150x150&_nc_ht=instagram.flim8-1.fna.fbcdn.net&_nc_cat=104&_nc_ohc=B_BE__L6gNoQ7kNvgG-jrOk&edm=AMrZAGUBAAAA&ccb=7-5&oh=00_AYDCe3PKtI-quWlby-VEcKnqoQOtEjjKemEOo1loeVEcPA&oe=665B9424&_nc_sid=17eaee",
            "username": "livnsjutare_"
        },
        "likes_count": 0,
        "answers": []
    },
    {
        "id": "17885071550401097",
        "created_at": 1632586318,
        "text": "@sebastianec21 crack bbito\ud83d\udc96\ud83d\udc96\ud83d\udc96",
        "owner": {
            "id": "5750074826",
            "is_verified": false,
            "profile_pic_url": "https://instagram.flim9-1.fna.fbcdn.net/v/t51.2885-19/429423379_1346399336056281_6695541844621022291_n.jpg?stp=dst-jpg_s150x150&_nc_ht=instagram.flim9-1.fna.fbcdn.net&_nc_cat=109&_nc_ohc=nV1w_YhON-gQ7kNvgE-PGiD&edm=AMrZAGUBAAAA&ccb=7-5&oh=00_AYBnlPt-8tgcoTLsglITLxNKSkSHGjdEsQJ5PJRmQaxMjw&oe=665B866E&_nc_sid=17eaee",
            "username": "fatima_ktr"
        },
        "likes_count": 1,
        "answers": [
            {
                "id": 17906605850160896,
                "created_at": 1632587345,
                "text": "@fatima_ktr Graciaaas \ud83e\udd7a\ud83e\udd7a",
                "owner": {
                    "id": "1630994318",
                    "is_verified": false,
                    "profile_pic_url": "https://instagram.flim9-1.fna.fbcdn.net/v/t51.2885-19/434206544_25402708792676023_4051008263384259883_n.jpg?stp=dst-jpg_s150x150&_nc_ht=instagram.flim9-1.fna.fbcdn.net&_nc_cat=107&_nc_ohc=qEGSAl7FEo4Q7kNvgEqmTry&edm=AMrZAGUBAAAA&ccb=7-5&oh=00_AYAdX6tedGyNgk1k2VnHxHhYJ7cp3Q_4dR_SgPiOseP5yQ&oe=665B8E7E&_nc_sid=17eaee",
                    "username": "sebastianec21"
                },
                "likes_count": 1
            }
        ]
    },
    {
        "id": "17926992313730813",
        "created_at": 1632586145,
        "text": "@migceli.canabi capa\ud83d\udc4f\ud83d\ude4c",
        "owner": {
            "id": "7802478197",
            "is_verified": false,
            "profile_pic_url": "https://instagram.flim13-1.fna.fbcdn.net/v/t51.2885-19/317751768_679677963684682_1724845200171230634_n.jpg?stp=dst-jpg_s150x150&_nc_ht=instagram.flim13-1.fna.fbcdn.net&_nc_cat=110&_nc_ohc=9cUhbLOyankQ7kNvgE04drE&edm=AMrZAGUBAAAA&ccb=7-5&oh=00_AYCmWdAqoSLwfzhB0q8Cd3wrrLdV1Z1PRNjwqHKy7eXkvQ&oe=665B7A12&_nc_sid=17eaee",
            "username": "angie.as.09"
        },
        "likes_count": 0,
        "answers": []
    },
    {
        "id": "17901975650229115",
        "created_at": 1632586108,
        "text": "@flavia.sensebe @lileyamanzano @fiorellaumasi cracks \ud83d\udc4f",
        "owner": {
            "id": "7802478197",
            "is_verified": false,
            "profile_pic_url": "https://instagram.flim13-1.fna.fbcdn.net/v/t51.2885-19/317751768_679677963684682_1724845200171230634_n.jpg?stp=dst-jpg_s150x150&_nc_ht=instagram.flim13-1.fna.fbcdn.net&_nc_cat=110&_nc_ohc=9cUhbLOyankQ7kNvgE04drE&edm=AMrZAGUBAAAA&ccb=7-5&oh=00_AYCmWdAqoSLwfzhB0q8Cd3wrrLdV1Z1PRNjwqHKy7eXkvQ&oe=665B7A12&_nc_sid=17eaee",
            "username": "angie.as.09"
        },
        "likes_count": 3,
        "answers": [
            {
                "id": 17924344594848540,
                "created_at": 1632586397,
                "text": "@angie.as.09 haremos un lindo equipo \u2764\ufe0f",
                "owner": {
                    "id": "2372347177",
                    "is_verified": false,
                    "profile_pic_url": "https://instagram.flim13-1.fna.fbcdn.net/v/t51.2885-19/412544801_659810859700177_3023038970411292292_n.jpg?stp=dst-jpg_s150x150&_nc_ht=instagram.flim13-1.fna.fbcdn.net&_nc_cat=101&_nc_ohc=z4jF8XQKIlkQ7kNvgEMLJPO&edm=AMrZAGUBAAAA&ccb=7-5&oh=00_AYC8wzLISoIqINfllzz5kvHHbk2aPiKeWxrN2SVzi8_8Jw&oe=665B5E66&_nc_sid=17eaee",
                    "username": "lileyamanzano"
                },
                "likes_count": 1
            }
        ]
    },
    {
        "id": "18169529545081351",
        "created_at": 1632585990,
        "text": "@anacristinaangc @yassir_pino cracksss\ud83d\udc4f",
        "owner": {
            "id": "530233501",
            "is_verified": false,
            "profile_pic_url": "https://instagram.flim8-1.fna.fbcdn.net/v/t51.2885-19/399850292_726171599366068_6775845562143620842_n.jpg?stp=dst-jpg_s150x150&_nc_ht=instagram.flim8-1.fna.fbcdn.net&_nc_cat=104&_nc_ohc=mCv72lcezqIQ7kNvgHqqKZZ&edm=AMrZAGUBAAAA&ccb=7-5&oh=00_AYAi0Pfd90VuMFnAyAKj2dw5kfiesLE3OT9j3PGMdrVYvw&oe=665B9003&_nc_sid=17eaee",
            "username": "iamnoexit"
        },
        "likes_count": 3,
        "answers": []
    }
]