[
    {
        "id": "17935670131622597",
        "created_at": 1630697576,
        "text": "Solo proyecciones, la realidad ser\u00e1 otro con este gobierno socialista",
        "owner": {
            "id": "7586250882",
            "is_verified": false,
            "profile_pic_url": "https://instagram.flim9-1.fna.fbcdn.net/v/t51.2885-19/290289767_1475391732918755_1873781899193455739_n.jpg?stp=dst-jpg_s150x150&_nc_ht=instagram.flim9-1.fna.fbcdn.net&_nc_cat=111&_nc_ohc=CYWC738v3IkQ7kNvgF95BTV&edm=AMrZAGUBAAAA&ccb=7-5&oh=00_AYADVYzXqIGNvsW6f9-iBMhMKT2MZlHtzKFoTB96dXBSEA&oe=665B67EB&_nc_sid=17eaee",
            "username": "elvisgbz"
        },
        "likes_count": 1,
        "answers": [
            {
                "id": 17941236067575776,
                "created_at": 1630727383,
                "text": "@elvisgbz seguro genio.\ud83d\ude4c",
                "owner": {
                    "id": "8451410528",
                    "is_verified": false,
                    "profile_pic_url": "https://instagram.flim9-1.fna.fbcdn.net/v/t51.2885-19/118781344_3262276293864775_3129049640691693526_n.jpg?stp=dst-jpg_s150x150&_nc_ht=instagram.flim9-1.fna.fbcdn.net&_nc_cat=107&_nc_ohc=Po0V8YdE1REQ7kNvgFWloHT&edm=AMrZAGUBAAAA&ccb=7-5&oh=00_AYA5xJSbPzBsk6aqms4xWzf2XY08ydf45GUsoftVkehTdQ&oe=665B61D4&_nc_sid=17eaee",
                    "username": "jovihurori"
                },
                "likes_count": 0
            }
        ]
    }
]