[
    {
        "id": "17935301810043963",
        "created_at": 1648310695,
        "text": "\ud83d\ude4c",
        "owner": {
            "id": "1538530310",
            "is_verified": false,
            "profile_pic_url": "https://instagram.flim13-1.fna.fbcdn.net/v/t51.2885-19/242679404_1035705276968273_3348742698473738706_n.jpg?stp=dst-jpg_s150x150&_nc_ht=instagram.flim13-1.fna.fbcdn.net&_nc_cat=105&_nc_ohc=D9pnDhdvpNIQ7kNvgFZGUmh&edm=AMrZAGUBAAAA&ccb=7-5&oh=00_AYB7pXTduxdRHgPtPwMgn4ddgj0-XP1_8-QTCWx8cuJjJA&oe=665B5D02&_nc_sid=17eaee",
            "username": "dontfollowluis07"
        },
        "likes_count": 1,
        "answers": []
    },
    {
        "id": "17965714153582495",
        "created_at": 1648305442,
        "text": "@iamlual.07 \ud83d\ude4c",
        "owner": {
            "id": "2182320634",
            "is_verified": false,
            "profile_pic_url": "https://instagram.flim13-1.fna.fbcdn.net/v/t51.2885-19/385280993_6563436240441845_6663637592788335750_n.jpg?stp=dst-jpg_s150x150&_nc_ht=instagram.flim13-1.fna.fbcdn.net&_nc_cat=105&_nc_ohc=8CWprvKVZ4IQ7kNvgH8cCG9&edm=AMrZAGUBAAAA&ccb=7-5&oh=00_AYChnPuVOj7UZOPo_EcuWDbr7fe9lrc1F6t37CZrpGcp7g&oe=665B88A3&_nc_sid=17eaee",
            "username": "karolalexandra_02"
        },
        "likes_count": 2,
        "answers": [
            {
                "id": 17940215221863466,
                "created_at": 1648310692,
                "text": "@karolaguimen a meterle audici\u00f3n inmediata",
                "owner": {
                    "id": "1538530310",
                    "is_verified": false,
                    "profile_pic_url": "https://instagram.flim13-1.fna.fbcdn.net/v/t51.2885-19/242679404_1035705276968273_3348742698473738706_n.jpg?stp=dst-jpg_s150x150&_nc_ht=instagram.flim13-1.fna.fbcdn.net&_nc_cat=105&_nc_ohc=D9pnDhdvpNIQ7kNvgFZGUmh&edm=AMrZAGUBAAAA&ccb=7-5&oh=00_AYB7pXTduxdRHgPtPwMgn4ddgj0-XP1_8-QTCWx8cuJjJA&oe=665B5D02&_nc_sid=17eaee",
                    "username": "dontfollowluis07"
                },
                "likes_count": 0
            }
        ]
    },
    {
        "id": "17914277921384158",
        "created_at": 1648286712,
        "text": "\ud83d\udc4f",
        "owner": {
            "id": "51756423747",
            "is_verified": false,
            "profile_pic_url": "https://instagram.flim13-1.fna.fbcdn.net/v/t51.2885-19/433509015_359803053703813_941072046990579751_n.jpg?stp=dst-jpg_s150x150&_nc_ht=instagram.flim13-1.fna.fbcdn.net&_nc_cat=101&_nc_ohc=K-dQ7c91DpQQ7kNvgEEaE2i&edm=AMrZAGUBAAAA&ccb=7-5&oh=00_AYCDXiDhC9QNWeabnlSeg4Z1qsb_FNIGjdcTWofLKUzrnA&oe=665B5E80&_nc_sid=17eaee",
            "username": "jamil.cartagena"
        },
        "likes_count": 1,
        "answers": []
    },
    {
        "id": "17925014465219394",
        "created_at": 1648258787,
        "text": "Promote it on @planet_of_blacks , @musicparmen",
        "owner": {
            "id": "52597697683",
            "is_verified": false,
            "profile_pic_url": "https://instagram.flim13-1.fna.fbcdn.net/v/t51.2885-19/275841588_1356813204767261_5691818171684959081_n.jpg?stp=dst-jpg_s150x150&_nc_ht=instagram.flim13-1.fna.fbcdn.net&_nc_cat=105&_nc_ohc=Hy7PXnwe_IEQ7kNvgEXiwXL&edm=AMrZAGUBAAAA&ccb=7-5&oh=00_AYAhZRe1tv-iEGn3AsvHyUUA7gSmBHYN-qh06RLFQmMFqA&oe=665B6B75&_nc_sid=17eaee",
            "username": "baba.rj13"
        },
        "likes_count": 0,
        "answers": []
    }
]