[
    {
        "id": "18190845709159665",
        "created_at": 1642288180,
        "text": "Buenas tardes, para el 21 de febrero abrir\u00e1n otro. Puedo a partir de esa fecha. Comunicarme ya sea por chat interno o por aqu\u00ed.",
        "owner": {
            "id": "9744501358",
            "is_verified": false,
            "profile_pic_url": "https://instagram.flim13-1.fna.fbcdn.net/v/t51.2885-19/379055751_266863629512801_5920520635513536496_n.jpg?stp=dst-jpg_s150x150&_nc_ht=instagram.flim13-1.fna.fbcdn.net&_nc_cat=105&_nc_ohc=QStzyn_KWUcQ7kNvgFz57ec&edm=AMrZAGUBAAAA&ccb=7-5&oh=00_AYA1CtflYowBss79MtV4hBFaTG87SOh1cM0V6ci4vQDzzw&oe=665B700C&_nc_sid=17eaee",
            "username": "sebastian_arcasi"
        },
        "likes_count": 0,
        "answers": []
    },
    {
        "id": "18011911915371268",
        "created_at": 1642209202,
        "text": "@magmma_ @nadjaflorian @fatima_ktr",
        "owner": {
            "id": "1144189113",
            "is_verified": false,
            "profile_pic_url": "https://instagram.flim8-1.fna.fbcdn.net/v/t51.2885-19/339352865_768836458194244_7704038518324489548_n.jpg?stp=dst-jpg_s150x150&_nc_ht=instagram.flim8-1.fna.fbcdn.net&_nc_cat=104&_nc_ohc=2b65WV_LGBMQ7kNvgFGEHgE&edm=AMrZAGUBAAAA&ccb=7-5&oh=00_AYAZDfXBYDWBS02ict8gh7GgIr_z8k-BqnEoe3kSdyKzJg&oe=665B90D4&_nc_sid=17eaee",
            "username": "ninnaalexandra"
        },
        "likes_count": 1,
        "answers": [
            {
                "id": 17915236463260487,
                "created_at": 1642210207,
                "text": "@ninnaalexandra :o llego",
                "owner": {
                    "id": "5750074826",
                    "is_verified": false,
                    "profile_pic_url": "https://instagram.flim9-1.fna.fbcdn.net/v/t51.2885-19/429423379_1346399336056281_6695541844621022291_n.jpg?stp=dst-jpg_s150x150&_nc_ht=instagram.flim9-1.fna.fbcdn.net&_nc_cat=109&_nc_ohc=nV1w_YhON-gQ7kNvgE-PGiD&edm=AMrZAGUBAAAA&ccb=7-5&oh=00_AYBnlPt-8tgcoTLsglITLxNKSkSHGjdEsQJ5PJRmQaxMjw&oe=665B866E&_nc_sid=17eaee",
                    "username": "fatima_ktr"
                },
                "likes_count": 1
            }
        ]
    }
]