[
    {
        "id": "18032140261326768",
        "created_at": 1643918807,
        "text": "\ud83e\udd23\ud83e\udd23\ud83e\udd23\ud83e\udd23\ud83e\udd23\ud83e\udd23\ud83e\udd23\ud83e\udd23\ud83e\udd23\ud83e\udd23\ud83e\udd23\ud83e\udd23\ud83e\udd23\ud83e\udd23\ud83e\udd23\ud83e\udd23\ud83e\udd23\ud83e\udd23\ud83e\udd23\ud83e\udd23\ud83e\udd23\ud83e\udd23\ud83e\udd23\ud83e\udd23\ud83e\udd23\ud83e\udd23\ud83e\udd23\ud83e\udd23\ud83e\udd23\ud83e\udd23\ud83e\udd23\ud83e\udd23\ud83e\udd23\ud83e\udd23\ud83e\udd23\ud83e\udd23",
        "owner": {
            "id": "2055723097",
            "is_verified": false,
            "profile_pic_url": "https://instagram.flim9-1.fna.fbcdn.net/v/t51.2885-19/446114730_804111755023391_7915307989631756173_n.jpg?stp=dst-jpg_s150x150&_nc_ht=instagram.flim9-1.fna.fbcdn.net&_nc_cat=111&_nc_ohc=9FN65jJ-yuYQ7kNvgFDF_U8&edm=AMrZAGUBAAAA&ccb=7-5&oh=00_AYDkoQUmgXUjLIfdxF0EyihGaNMhCfiyFL9lKqfmjCXoWg&oe=665B84BC&_nc_sid=17eaee",
            "username": "wcleyycornelio"
        },
        "likes_count": 0,
        "answers": []
    },
    {
        "id": "17957909209593515",
        "created_at": 1643888173,
        "text": "Estamos re-mal",
        "owner": {
            "id": "1286058474",
            "is_verified": false,
            "profile_pic_url": "https://instagram.flim9-1.fna.fbcdn.net/v/t51.2885-19/439433396_315708968017423_3858619841535029321_n.jpg?stp=dst-jpg_s150x150&_nc_ht=instagram.flim9-1.fna.fbcdn.net&_nc_cat=107&_nc_ohc=fH03toDbVGwQ7kNvgEv1CF_&edm=AMrZAGUBAAAA&ccb=7-5&oh=00_AYBy1I6Gi3AlTtz0k0hZj7Or0DXadYPO-Uew_QFiXkrilA&oe=665B7A0C&_nc_sid=17eaee",
            "username": "mariasonrissa"
        },
        "likes_count": 0,
        "answers": []
    },
    {
        "id": "17862522653673680",
        "created_at": 1643877123,
        "text": "Jajaja, Francke es un economista de escritorio.",
        "owner": {
            "id": "8052232179",
            "is_verified": false,
            "profile_pic_url": "https://instagram.flim8-1.fna.fbcdn.net/v/t51.2885-19/272820125_479604577014015_8044655165015429489_n.jpg?stp=dst-jpg_s150x150&_nc_ht=instagram.flim8-1.fna.fbcdn.net&_nc_cat=103&_nc_ohc=kzeGy0fsPsIQ7kNvgEsqWRo&edm=AMrZAGUBAAAA&ccb=7-5&oh=00_AYAkATq5PWh6iSQSjO3wvwoC9A7JXKSK80SNZx82qPo-sg&oe=665B6CF7&_nc_sid=17eaee",
            "username": "daniel_sandoval_1998"
        },
        "likes_count": 1,
        "answers": []
    },
    {
        "id": "17941626043840433",
        "created_at": 1643855637,
        "text": "Noooo!!!",
        "owner": {
            "id": "7586250882",
            "is_verified": false,
            "profile_pic_url": "https://instagram.flim9-1.fna.fbcdn.net/v/t51.2885-19/290289767_1475391732918755_1873781899193455739_n.jpg?stp=dst-jpg_s150x150&_nc_ht=instagram.flim9-1.fna.fbcdn.net&_nc_cat=111&_nc_ohc=CYWC738v3IkQ7kNvgF95BTV&edm=AMrZAGUBAAAA&ccb=7-5&oh=00_AYADVYzXqIGNvsW6f9-iBMhMKT2MZlHtzKFoTB96dXBSEA&oe=665B67EB&_nc_sid=17eaee",
            "username": "elvisgbz"
        },
        "likes_count": 1,
        "answers": []
    },
    {
        "id": "17938514644760501",
        "created_at": 1643848704,
        "text": "Es lo PEOR QUE PUDIMOS TENER O MEJOR DICHO PAGAR CON LOS IMPUESTOS DE TODOS LOS PERUANOS COMO MINISTRO",
        "owner": {
            "id": "3971018637",
            "is_verified": false,
            "profile_pic_url": "https://instagram.flim9-1.fna.fbcdn.net/v/t51.2885-19/218843607_363235881846885_1500779571304207779_n.jpg?stp=dst-jpg_s150x150&_nc_ht=instagram.flim9-1.fna.fbcdn.net&_nc_cat=109&_nc_ohc=_LfjrVGkNmwQ7kNvgEXluFx&edm=AMrZAGUBAAAA&ccb=7-5&oh=00_AYBEb22qWRs_DCHnU1kiJJID_D55wxohJTYehNFglihGqQ&oe=665B64B6&_nc_sid=17eaee",
            "username": "franklinalvargas"
        },
        "likes_count": 1,
        "answers": []
    },
    {
        "id": "17909089316377253",
        "created_at": 1643843967,
        "text": ":V",
        "owner": {
            "id": "1369370838",
            "is_verified": false,
            "profile_pic_url": "https://instagram.flim8-1.fna.fbcdn.net/v/t51.2885-19/378617671_692246502807832_9000965816508641179_n.jpg?stp=dst-jpg_s150x150&_nc_ht=instagram.flim8-1.fna.fbcdn.net&_nc_cat=104&_nc_ohc=ebvD7noXEQEQ7kNvgFTryKY&edm=AMrZAGUBAAAA&ccb=7-5&oh=00_AYCb6aLhckx3jsLjE4UUzUQag6fKU6xyQkV921tXiQ-s4Q&oe=665B719C&_nc_sid=17eaee",
            "username": "diego.sandh"
        },
        "likes_count": 0,
        "answers": []
    },
    {
        "id": "18214047937139699",
        "created_at": 1643841986,
        "text": "\ud83d\ude02\ud83d\ude02\ud83d\ude02\ud83d\ude02\ud83d\ude02",
        "owner": {
            "id": "26471929559",
            "is_verified": false,
            "profile_pic_url": "https://instagram.flim9-1.fna.fbcdn.net/v/t51.2885-19/441490521_1109309380140779_3610467133310074866_n.jpg?stp=dst-jpg_s150x150&_nc_ht=instagram.flim9-1.fna.fbcdn.net&_nc_cat=111&_nc_ohc=4nVv_IaCU_4Q7kNvgEV0CWO&edm=AMrZAGUBAAAA&ccb=7-5&oh=00_AYDmeBmcr35ZFj7IA9jwYLqZjQBchWz5WYKrak_CTOly8w&oe=665B7C2F&_nc_sid=17eaee",
            "username": "marduk372"
        },
        "likes_count": 1,
        "answers": []
    },
    {
        "id": "18150386974238834",
        "created_at": 1643839663,
        "text": "El economista que dice que hay que hacer pol\u00edtica monetaria expansiva en la econom\u00eda para reactivarla y generar posteriormente crecimiento. \" Crack \".",
        "owner": {
            "id": "2524194389",
            "is_verified": false,
            "profile_pic_url": "https://instagram.flim9-1.fna.fbcdn.net/v/t51.2885-19/347449058_1196865330974027_2527961396216709834_n.jpg?stp=dst-jpg_s150x150&_nc_ht=instagram.flim9-1.fna.fbcdn.net&_nc_cat=111&_nc_ohc=xaB5h7GJLMMQ7kNvgHKZ21p&edm=AMrZAGUBAAAA&ccb=7-5&oh=00_AYA-1PuIBeN26ZfgNLEBYfRQivLc2ebVioj_fpd6jE2vIg&oe=665B8223&_nc_sid=17eaee",
            "username": "tomaschunga"
        },
        "likes_count": 5,
        "answers": [
            {
                "id": 17876534090629846,
                "created_at": 1643848386,
                "text": "@tomaschunga Y eso que seg\u00fan \u00e9l los logros econ\u00f3micos son por el manejo del actual gobierno \ud83e\udd21",
                "owner": {
                    "id": "2166518883",
                    "is_verified": false,
                    "profile_pic_url": "https://instagram.flim9-1.fna.fbcdn.net/v/t51.2885-19/105333775_197005201641287_1763111771385749112_n.jpg?stp=dst-jpg_s150x150&_nc_ht=instagram.flim9-1.fna.fbcdn.net&_nc_cat=111&_nc_ohc=AW19d3zhZ08Q7kNvgHZpk1l&edm=AMrZAGUBAAAA&ccb=7-5&oh=00_AYAfPL_Qxe84Fg69kx0JaQ3ILrDEy3AwZcAvKeWRI4STxQ&oe=665B86EA&_nc_sid=17eaee",
                    "username": "leonardozarater"
                },
                "likes_count": 3
            }
        ]
    }
]