[
    {
        "id": "17869153832708986",
        "created_at": 1654152788,
        "text": "Okeyyyy articulista",
        "owner": {
            "id": "1766357757",
            "is_verified": false,
            "profile_pic_url": "https://instagram.flim13-1.fna.fbcdn.net/v/t51.2885-19/429898642_1542040753257301_2294140290012456539_n.jpg?stp=dst-jpg_s150x150&_nc_ht=instagram.flim13-1.fna.fbcdn.net&_nc_cat=101&_nc_ohc=qlrsIad1SOsQ7kNvgF-S3M-&edm=AMrZAGUBAAAA&ccb=7-5&oh=00_AYAepon4v92gr-12la6DZ9QpyN2SLgC0kBz0dphfizzJiQ&oe=665B8A81&_nc_sid=17eaee",
            "username": "alonsonunez4309"
        },
        "likes_count": 1,
        "answers": []
    },
    {
        "id": "17916424796364382",
        "created_at": 1654148451,
        "text": "Elocuente y bien redactado \ud83d\udc4f",
        "owner": {
            "id": "3968292643",
            "is_verified": false,
            "profile_pic_url": "https://instagram.flim9-1.fna.fbcdn.net/v/t51.2885-19/27576830_165136224131371_2414490692366630912_n.jpg?stp=dst-jpg_s150x150&_nc_ht=instagram.flim9-1.fna.fbcdn.net&_nc_cat=107&_nc_ohc=6OMrbFvfYEcQ7kNvgFn78_O&edm=AMrZAGUBAAAA&ccb=7-5&oh=00_AYDfeteu_7qyET-6sjbvPx962vA1aNWrQiIxoElaRQzA3g&oe=665B8079&_nc_sid=17eaee",
            "username": "losing.beast"
        },
        "likes_count": 0,
        "answers": []
    },
    {
        "id": "17956901047725758",
        "created_at": 1654140509,
        "text": "Muy interesante!",
        "owner": {
            "id": "1144189113",
            "is_verified": false,
            "profile_pic_url": "https://instagram.flim8-1.fna.fbcdn.net/v/t51.2885-19/339352865_768836458194244_7704038518324489548_n.jpg?stp=dst-jpg_s150x150&_nc_ht=instagram.flim8-1.fna.fbcdn.net&_nc_cat=104&_nc_ohc=2b65WV_LGBMQ7kNvgFGEHgE&edm=AMrZAGUBAAAA&ccb=7-5&oh=00_AYAZDfXBYDWBS02ict8gh7GgIr_z8k-BqnEoe3kSdyKzJg&oe=665B90D4&_nc_sid=17eaee",
            "username": "ninnaalexandra"
        },
        "likes_count": 0,
        "answers": []
    },
    {
        "id": "18015714802396438",
        "created_at": 1654134494,
        "text": "Excelente informaci\u00f3n! \ud83d\udcaf\ud83d\udc4f",
        "owner": {
            "id": "258396092",
            "is_verified": false,
            "profile_pic_url": "https://instagram.flim13-1.fna.fbcdn.net/v/t51.2885-19/412050448_863729695753930_92054264177852132_n.jpg?stp=dst-jpg_s150x150&_nc_ht=instagram.flim13-1.fna.fbcdn.net&_nc_cat=110&_nc_ohc=VNJpLKavAfkQ7kNvgHomIPB&edm=AMrZAGUBAAAA&ccb=7-5&oh=00_AYDjDq_MInRLutvJr3uMttRrZonRxNmlKczUuOAo8EzBpg&oe=665B67B0&_nc_sid=17eaee",
            "username": "stephdagra"
        },
        "likes_count": 0,
        "answers": []
    },
    {
        "id": "17962571176709056",
        "created_at": 1654131073,
        "text": "\ud83d\ude2e\ud83e\udd14",
        "owner": {
            "id": "1444005383",
            "is_verified": false,
            "profile_pic_url": "https://instagram.flim8-1.fna.fbcdn.net/v/t51.2885-19/445196754_1136982350976424_8836584005024149017_n.jpg?stp=dst-jpg_s150x150&_nc_ht=instagram.flim8-1.fna.fbcdn.net&_nc_cat=104&_nc_ohc=poVXl_OWLM0Q7kNvgFXB9a3&edm=AMrZAGUBAAAA&ccb=7-5&oh=00_AYCpB0a1aG9Xp7n0Y5IE5FWk4t30hU1r7HNcguTcDqpSdg&oe=665B5BCF&_nc_sid=17eaee",
            "username": "angieeezzz"
        },
        "likes_count": 0,
        "answers": []
    }
]