[
    {
        "id": "17988328294671700",
        "created_at": 1671292449,
        "text": "5/6 :o",
        "owner": {
            "id": "7215294127",
            "is_verified": false,
            "profile_pic_url": "https://instagram.flim9-1.fna.fbcdn.net/v/t51.2885-19/356629683_681584013796737_2204452611806206691_n.jpg?stp=dst-jpg_s150x150&_nc_ht=instagram.flim9-1.fna.fbcdn.net&_nc_cat=109&_nc_ohc=69bxPr2OXFUQ7kNvgFqWK2K&edm=AMrZAGUBAAAA&ccb=7-5&oh=00_AYDDsbTVLfF1lNNO2q_Q_hglfxruRW9akL47A5guQq3UUg&oe=665B6D27&_nc_sid=17eaee",
            "username": "hassen_venero"
        },
        "likes_count": 0,
        "answers": []
    },
    {
        "id": "17979030379875550",
        "created_at": 1671284719,
        "text": "5/6",
        "owner": {
            "id": "1444005383",
            "is_verified": false,
            "profile_pic_url": "https://instagram.flim8-1.fna.fbcdn.net/v/t51.2885-19/445196754_1136982350976424_8836584005024149017_n.jpg?stp=dst-jpg_s150x150&_nc_ht=instagram.flim8-1.fna.fbcdn.net&_nc_cat=104&_nc_ohc=poVXl_OWLM0Q7kNvgFXB9a3&edm=AMrZAGUBAAAA&ccb=7-5&oh=00_AYCpB0a1aG9Xp7n0Y5IE5FWk4t30hU1r7HNcguTcDqpSdg&oe=665B5BCF&_nc_sid=17eaee",
            "username": "angieeezzz"
        },
        "likes_count": 0,
        "answers": []
    },
    {
        "id": "18337658173029623",
        "created_at": 1671284633,
        "text": "interesante",
        "owner": {
            "id": "1444005383",
            "is_verified": false,
            "profile_pic_url": "https://instagram.flim8-1.fna.fbcdn.net/v/t51.2885-19/445196754_1136982350976424_8836584005024149017_n.jpg?stp=dst-jpg_s150x150&_nc_ht=instagram.flim8-1.fna.fbcdn.net&_nc_cat=104&_nc_ohc=poVXl_OWLM0Q7kNvgFXB9a3&edm=AMrZAGUBAAAA&ccb=7-5&oh=00_AYCpB0a1aG9Xp7n0Y5IE5FWk4t30hU1r7HNcguTcDqpSdg&oe=665B5BCF&_nc_sid=17eaee",
            "username": "angieeezzz"
        },
        "likes_count": 0,
        "answers": []
    },
    {
        "id": "17887140125757842",
        "created_at": 1671261969,
        "text": "Todo bien, pero en la pregunta y respuesta 3, la opci\u00f3n \"C\" incluye un continente, por lo que no deber\u00eda ser una respuesta correcta. Por todo lo dem\u00e1s, estuvo divertido \u270c\ud83c\udffb",
        "owner": {
            "id": "1213818818",
            "is_verified": false,
            "profile_pic_url": "https://instagram.flim13-1.fna.fbcdn.net/v/t51.2885-19/404587611_1064926081205674_7914248256110610950_n.jpg?stp=dst-jpg_s150x150&_nc_ht=instagram.flim13-1.fna.fbcdn.net&_nc_cat=110&_nc_ohc=8OMAI-Ky8HIQ7kNvgFz-tUV&edm=AMrZAGUBAAAA&ccb=7-5&oh=00_AYBOsbA-sP3IFwEW5cvBEbOUx7BkAApfWHNZdafgsXB5kQ&oe=665B7C96&_nc_sid=17eaee",
            "username": "jhonespinoza104"
        },
        "likes_count": 1,
        "answers": [
            {
                "id": 18119934436293546,
                "created_at": 1671284654,
                "text": "@jhonespinoza104 es verdad jajaja",
                "owner": {
                    "id": "1444005383",
                    "is_verified": false,
                    "profile_pic_url": "https://instagram.flim8-1.fna.fbcdn.net/v/t51.2885-19/445196754_1136982350976424_8836584005024149017_n.jpg?stp=dst-jpg_s150x150&_nc_ht=instagram.flim8-1.fna.fbcdn.net&_nc_cat=104&_nc_ohc=poVXl_OWLM0Q7kNvgFXB9a3&edm=AMrZAGUBAAAA&ccb=7-5&oh=00_AYCpB0a1aG9Xp7n0Y5IE5FWk4t30hU1r7HNcguTcDqpSdg&oe=665B5BCF&_nc_sid=17eaee",
                    "username": "angieeezzz"
                },
                "likes_count": 0
            }
        ]
    },
    {
        "id": "18189121669244820",
        "created_at": 1671168480,
        "text": "\ud83d\ude4c",
        "owner": {
            "id": "1504672978",
            "is_verified": false,
            "profile_pic_url": "https://instagram.flim8-1.fna.fbcdn.net/v/t51.2885-19/322416328_711593553670922_66119498068623707_n.jpg?stp=dst-jpg_s150x150&_nc_ht=instagram.flim8-1.fna.fbcdn.net&_nc_cat=102&_nc_ohc=TXovrkrvp-4Q7kNvgE3oPCS&edm=AMrZAGUBAAAA&ccb=7-5&oh=00_AYBHfxGw_NJJEArOPeUqKJ2KeZNMTxyOe5Fv1snJ7-HvYw&oe=665B8367&_nc_sid=17eaee",
            "username": "lcahuana"
        },
        "likes_count": 0,
        "answers": []
    },
    {
        "id": "17996444998547027",
        "created_at": 1671121635,
        "text": "\ud83d\ude0d",
        "owner": {
            "id": "56654607759",
            "is_verified": false,
            "profile_pic_url": "https://instagram.flim13-1.fna.fbcdn.net/v/t51.2885-19/427139868_1361340214522517_4319712990730195398_n.jpg?stp=dst-jpg_s150x150&_nc_ht=instagram.flim13-1.fna.fbcdn.net&_nc_cat=105&_nc_ohc=UXU23s-_yu0Q7kNvgEAksyc&edm=AMrZAGUBAAAA&ccb=7-5&oh=00_AYA6DxFv7HMYXPg2V0SLHON2RKkRG7tBouXG9jwm5ImkOA&oe=665B87EE&_nc_sid=17eaee",
            "username": "ronylopez_25"
        },
        "likes_count": 0,
        "answers": []
    }
]