[
    {
        "id": "17947304791788675",
        "created_at": 1650763210,
        "text": "\ud83d\udc4f",
        "owner": {
            "id": "685726352",
            "is_verified": false,
            "profile_pic_url": "https://instagram.flim13-1.fna.fbcdn.net/v/t51.2885-19/446485229_1482080822408924_1062673787168305640_n.jpg?stp=dst-jpg_s150x150&_nc_ht=instagram.flim13-1.fna.fbcdn.net&_nc_cat=108&_nc_ohc=ln-9MbDKFVoQ7kNvgHvj9_V&edm=AMrZAGUBAAAA&ccb=7-5&oh=00_AYA2rFU7xtlerfeoJcpv_YoH60rpOndwAjpbdP93ipSebQ&oe=665B6BCD&_nc_sid=17eaee",
            "username": "malualvarezmor"
        },
        "likes_count": 1,
        "answers": []
    },
    {
        "id": "17941611808888163",
        "created_at": 1650763206,
        "text": "Que interesante reflexi\u00f3n! Ya es momento de que el estado haga unos cambios.\ud83d\udd1d\ud83d\udd1d\ud83d\udd1d",
        "owner": {
            "id": "685726352",
            "is_verified": false,
            "profile_pic_url": "https://instagram.flim13-1.fna.fbcdn.net/v/t51.2885-19/446485229_1482080822408924_1062673787168305640_n.jpg?stp=dst-jpg_s150x150&_nc_ht=instagram.flim13-1.fna.fbcdn.net&_nc_cat=108&_nc_ohc=ln-9MbDKFVoQ7kNvgHvj9_V&edm=AMrZAGUBAAAA&ccb=7-5&oh=00_AYA2rFU7xtlerfeoJcpv_YoH60rpOndwAjpbdP93ipSebQ&oe=665B6BCD&_nc_sid=17eaee",
            "username": "malualvarezmor"
        },
        "likes_count": 1,
        "answers": []
    },
    {
        "id": "18235098022104761",
        "created_at": 1650757530,
        "text": "\ud83d\ude4c\ud83d\ude4c",
        "owner": {
            "id": "3916904477",
            "is_verified": false,
            "profile_pic_url": "https://instagram.flim13-1.fna.fbcdn.net/v/t51.2885-19/426210629_1093556648433946_208017411188623644_n.jpg?stp=dst-jpg_s150x150&_nc_ht=instagram.flim13-1.fna.fbcdn.net&_nc_cat=110&_nc_ohc=mxmOgryUOR8Q7kNvgGqD8C4&edm=AMrZAGUBAAAA&ccb=7-5&oh=00_AYDHfsj2YJWQYbv4Ji4dq8MnxDypwhvYBDeVGUPmpj_8yg&oe=665B8D4F&_nc_sid=17eaee",
            "username": "dayespinoza.pe"
        },
        "likes_count": 1,
        "answers": []
    }
]