[
    {
        "id": "17910280715365454",
        "created_at": 1643649864,
        "text": "@fer.nanda22 @miabustamante.t @tejmaritza",
        "owner": {
            "id": "782396775",
            "is_verified": false,
            "profile_pic_url": "https://instagram.flim13-1.fna.fbcdn.net/v/t51.2885-19/346269961_586768299918982_6998566929313855928_n.jpg?stp=dst-jpg_s150x150&_nc_ht=instagram.flim13-1.fna.fbcdn.net&_nc_cat=110&_nc_ohc=MGrkSn-fCi0Q7kNvgHXE46i&edm=AMrZAGUBAAAA&ccb=7-5&oh=00_AYDPMPhsdms2hdd8lxGt56Ux350LmBb3ZM1TQ1aT1gj-IA&oe=665B7A7F&_nc_sid=17eaee",
            "username": "alebustamante.t"
        },
        "likes_count": 1,
        "answers": []
    }
]