[
    {
        "id": "17937528638311085",
        "created_at": 1654296334,
        "text": "\ud83d\ude2e\ud83d\ude4c\ud83c\udffc muy buena info",
        "owner": {
            "id": "1444005383",
            "is_verified": false,
            "profile_pic_url": "https://instagram.flim8-1.fna.fbcdn.net/v/t51.2885-19/445196754_1136982350976424_8836584005024149017_n.jpg?stp=dst-jpg_s150x150&_nc_ht=instagram.flim8-1.fna.fbcdn.net&_nc_cat=104&_nc_ohc=poVXl_OWLM0Q7kNvgFXB9a3&edm=AMrZAGUBAAAA&ccb=7-5&oh=00_AYCpB0a1aG9Xp7n0Y5IE5FWk4t30hU1r7HNcguTcDqpSdg&oe=665B5BCF&_nc_sid=17eaee",
            "username": "angieeezzz"
        },
        "likes_count": 0,
        "answers": []
    },
    {
        "id": "17943440917921241",
        "created_at": 1654295125,
        "text": "\ud83d\udc4f",
        "owner": {
            "id": "5502920953",
            "is_verified": false,
            "profile_pic_url": "https://scontent-gru1-1.cdninstagram.com/v/t51.2885-19/44884218_345707102882519_2446069589734326272_n.jpg?_nc_ht=scontent-gru1-1.cdninstagram.com&_nc_cat=1&_nc_ohc=hzidlFdfQAUQ7kNvgHnoDyh&edm=AEVnrqQBAAAA&ccb=7-5&ig_cache_key=YW5vbnltb3VzX3Byb2ZpbGVfcGlj.2-ccb7-5&oh=00_AYDhvvOusZ2JRMroeVuj8LRPhoWnk1TpHgOg8hJv7IfIlw&oe=665B650F&_nc_sid=f8b7b3",
            "username": "jc_ramirezgutierrez"
        },
        "likes_count": 0,
        "answers": []
    }
]