[
    {
        "id": "17946508493295741",
        "created_at": 1671558303,
        "text": "\ud83d\udc4f\ud83d\udc4f\ud83d\udc4f",
        "owner": {
            "id": "1260558365",
            "is_verified": false,
            "profile_pic_url": "https://instagram.flim9-1.fna.fbcdn.net/v/t51.2885-19/372765566_585461810266931_7163067737329535746_n.jpg?stp=dst-jpg_s150x150&_nc_ht=instagram.flim9-1.fna.fbcdn.net&_nc_cat=111&_nc_ohc=5JvQAoPqIj4Q7kNvgGLCO_U&edm=AMrZAGUBAAAA&ccb=7-5&oh=00_AYA-0fU0MqGlH5YIRbVatw5taeK7gK0iM2aqdanxsXDmbA&oe=665B8F5A&_nc_sid=17eaee",
            "username": "yeseniantuaneth"
        },
        "likes_count": 0,
        "answers": []
    }
]