[
    {
        "id": "17919862190297841",
        "created_at": 1652382912,
        "text": "\ud83d\ude4c\ud83d\ude4c\ud83d\ude4c\ud83d\ude4c",
        "owner": {
            "id": "6932803314",
            "is_verified": false,
            "profile_pic_url": "https://instagram.flim8-1.fna.fbcdn.net/v/t51.2885-19/444585995_3352231441742136_6658576504349124044_n.jpg?stp=dst-jpg_s150x150&_nc_ht=instagram.flim8-1.fna.fbcdn.net&_nc_cat=100&_nc_ohc=-wtWqm8vz38Q7kNvgHJLhMO&edm=AMrZAGUBAAAA&ccb=7-5&oh=00_AYBo5SYr7DYdsWWvRk0JpvJ1xxStS2zY_02-ixtUUGb2Xw&oe=665B744B&_nc_sid=17eaee",
            "username": "al_12345_12345"
        },
        "likes_count": 1,
        "answers": []
    }
]