[
    {
        "id": "17979199510485954",
        "created_at": 1645581249,
        "text": "\ud83d\udc9a\ud83d\udc99\u2764\ufe0f \ud83c\udf89",
        "owner": {
            "id": "307749529",
            "is_verified": false,
            "profile_pic_url": "https://instagram.flim9-1.fna.fbcdn.net/v/t51.2885-19/443252329_1073595514461585_2399439128580312366_n.jpg?stp=dst-jpg_s150x150&_nc_ht=instagram.flim9-1.fna.fbcdn.net&_nc_cat=109&_nc_ohc=pkPxY_WuRgkQ7kNvgGKyzSK&edm=AMrZAGUBAAAA&ccb=7-5&oh=00_AYCaL20iLZmjogCy7k1DBm2-RsgNmbo0wsezkKqULr5_Iw&oe=665B6470&_nc_sid=17eaee",
            "username": "melanyfl99"
        },
        "likes_count": 1,
        "answers": []
    },
    {
        "id": "18287179375052618",
        "created_at": 1645493011,
        "text": "\ud83d\udc4f\ud83d\udc4f\ud83c\udf89\ud83c\udf89\ud83d\ude04",
        "owner": {
            "id": "37748013244",
            "is_verified": false,
            "profile_pic_url": "https://instagram.flim13-1.fna.fbcdn.net/v/t51.2885-19/271916599_246646950820417_1411225574445137229_n.jpg?stp=dst-jpg_s150x150&_nc_ht=instagram.flim13-1.fna.fbcdn.net&_nc_cat=101&_nc_ohc=I-XaE9Z7KDwQ7kNvgFy1IT0&edm=AMrZAGUBAAAA&ccb=7-5&oh=00_AYDmCBjlC8tsPgunh9RdIz5oMeiaK7SeATrFCzjTqbzutQ&oe=665B8FD1&_nc_sid=17eaee",
            "username": "thekeyperu"
        },
        "likes_count": 1,
        "answers": []
    },
    {
        "id": "18149826778223184",
        "created_at": 1645481046,
        "text": "\ud83d\ude0d\ud83d\ude0d",
        "owner": {
            "id": "1600193487",
            "is_verified": false,
            "profile_pic_url": "https://instagram.flim9-1.fna.fbcdn.net/v/t51.2885-19/439987090_316550451249246_4217105103283871124_n.jpg?stp=dst-jpg_s150x150&_nc_ht=instagram.flim9-1.fna.fbcdn.net&_nc_cat=106&_nc_ohc=1ZXZlZPv5SwQ7kNvgF2F2nT&edm=AMrZAGUBAAAA&ccb=7-5&oh=00_AYCsOMLS2t2zrOn-aXuinvKvoM81-pQ7Fxo_sFq1VePXNw&oe=665B733D&_nc_sid=17eaee",
            "username": "angiequispe_"
        },
        "likes_count": 1,
        "answers": []
    },
    {
        "id": "18123749773265455",
        "created_at": 1645469616,
        "text": "\ud83d\udc9a\ud83d\udc99\ud83d\udc9a\ud83d\udc99",
        "owner": {
            "id": "373143153",
            "is_verified": false,
            "profile_pic_url": "https://instagram.flim13-1.fna.fbcdn.net/v/t51.2885-19/446194452_464234669302858_7848477398630840791_n.jpg?stp=dst-jpg_s150x150&_nc_ht=instagram.flim13-1.fna.fbcdn.net&_nc_cat=110&_nc_ohc=e4X9GmnRDbQQ7kNvgG6VO82&edm=AMrZAGUBAAAA&ccb=7-5&oh=00_AYBplzNXHepr8RQ18U8gljm3xLT0Oe1KmReVU5L-h2oiKg&oe=665B7A22&_nc_sid=17eaee",
            "username": "antuanetpuelles"
        },
        "likes_count": 1,
        "answers": []
    }
]