[
    {
        "id": "17849628371798348",
        "created_at": 1661829457,
        "text": "Los libertarios de EEUU est\u00e1n a favor del bitcoin como forma antiestatista. https://es.beincrypto.com/bitcoin-revolucion-monetaria-descentralizada-senala-partido-libertario-eeuu/",
        "owner": {
            "id": "1587837952",
            "is_verified": false,
            "profile_pic_url": "https://instagram.flim9-1.fna.fbcdn.net/v/t51.2885-19/422650940_886266596315577_8099507918585120370_n.jpg?stp=dst-jpg_s150x150&_nc_ht=instagram.flim9-1.fna.fbcdn.net&_nc_cat=109&_nc_ohc=eoy6gTxFmd8Q7kNvgFVkPV2&edm=AMrZAGUBAAAA&ccb=7-5&oh=00_AYA501xuHhYxJcUbpMAng4Klb4OidSWtC9WLtPdvSnAudQ&oe=665B653E&_nc_sid=17eaee",
            "username": "tinopm2509"
        },
        "likes_count": 2,
        "answers": []
    },
    {
        "id": "17979339751624263",
        "created_at": 1661792779,
        "text": "\ud83d\ude31\ud83d\ude31",
        "owner": {
            "id": "1444005383",
            "is_verified": false,
            "profile_pic_url": "https://instagram.flim8-1.fna.fbcdn.net/v/t51.2885-19/445196754_1136982350976424_8836584005024149017_n.jpg?stp=dst-jpg_s150x150&_nc_ht=instagram.flim8-1.fna.fbcdn.net&_nc_cat=104&_nc_ohc=poVXl_OWLM0Q7kNvgFXB9a3&edm=AMrZAGUBAAAA&ccb=7-5&oh=00_AYCpB0a1aG9Xp7n0Y5IE5FWk4t30hU1r7HNcguTcDqpSdg&oe=665B5BCF&_nc_sid=17eaee",
            "username": "angieeezzz"
        },
        "likes_count": 0,
        "answers": [
            {
                "id": 17926026362380344,
                "created_at": 1661829375,
                "text": "https://es.beincrypto.com/bitcoin-revolucion-monetaria-descentralizada-senala-partido-libertario-eeuu/",
                "owner": {
                    "id": "1587837952",
                    "is_verified": false,
                    "profile_pic_url": "https://instagram.flim9-1.fna.fbcdn.net/v/t51.2885-19/422650940_886266596315577_8099507918585120370_n.jpg?stp=dst-jpg_s150x150&_nc_ht=instagram.flim9-1.fna.fbcdn.net&_nc_cat=109&_nc_ohc=eoy6gTxFmd8Q7kNvgFVkPV2&edm=AMrZAGUBAAAA&ccb=7-5&oh=00_AYA501xuHhYxJcUbpMAng4Klb4OidSWtC9WLtPdvSnAudQ&oe=665B653E&_nc_sid=17eaee",
                    "username": "tinopm2509"
                },
                "likes_count": 0
            }
        ]
    }
]