[
    {
        "id": "17858025707674799",
        "created_at": 1641552728,
        "text": "De USA",
        "owner": {
            "id": "3034612473",
            "is_verified": false,
            "profile_pic_url": "https://instagram.flim8-1.fna.fbcdn.net/v/t51.2885-19/429568371_1596739844409616_1258881965889309557_n.jpg?stp=dst-jpg_s150x150&_nc_ht=instagram.flim8-1.fna.fbcdn.net&_nc_cat=104&_nc_ohc=S0hJOVrOrKkQ7kNvgFToDBA&edm=AMrZAGUBAAAA&ccb=7-5&oh=00_AYD0gC8Fx2bTYsW7kWL9w6tHQM_laK7ns1T4fL6_1jqV7A&oe=665B729B&_nc_sid=17eaee",
            "username": "johnnn1210"
        },
        "likes_count": 0,
        "answers": []
    }
]