[
    {
        "id": "17946531863288976",
        "created_at": 1671741635,
        "text": "Argentina 5/5\ud83d\ude4c",
        "owner": {
            "id": "1504672978",
            "is_verified": false,
            "profile_pic_url": "https://instagram.flim8-1.fna.fbcdn.net/v/t51.2885-19/322416328_711593553670922_66119498068623707_n.jpg?stp=dst-jpg_s150x150&_nc_ht=instagram.flim8-1.fna.fbcdn.net&_nc_cat=102&_nc_ohc=TXovrkrvp-4Q7kNvgE3oPCS&edm=AMrZAGUBAAAA&ccb=7-5&oh=00_AYBHfxGw_NJJEArOPeUqKJ2KeZNMTxyOe5Fv1snJ7-HvYw&oe=665B8367&_nc_sid=17eaee",
            "username": "lcahuana"
        },
        "likes_count": 1,
        "answers": []
    },
    {
        "id": "17947034045431772",
        "created_at": 1671729587,
        "text": "3/5?\ud83d\ude33\ud83d\ude33\ud83d\ude33",
        "owner": {
            "id": "1444005383",
            "is_verified": false,
            "profile_pic_url": "https://instagram.flim8-1.fna.fbcdn.net/v/t51.2885-19/445196754_1136982350976424_8836584005024149017_n.jpg?stp=dst-jpg_s150x150&_nc_ht=instagram.flim8-1.fna.fbcdn.net&_nc_cat=104&_nc_ohc=poVXl_OWLM0Q7kNvgFXB9a3&edm=AMrZAGUBAAAA&ccb=7-5&oh=00_AYCpB0a1aG9Xp7n0Y5IE5FWk4t30hU1r7HNcguTcDqpSdg&oe=665B5BCF&_nc_sid=17eaee",
            "username": "angieeezzz"
        },
        "likes_count": 0,
        "answers": []
    },
    {
        "id": "17991963322588819",
        "created_at": 1671683799,
        "text": "4/5 , interesante e importante informaci\u00f3n.",
        "owner": {
            "id": "1900839533",
            "is_verified": false,
            "profile_pic_url": "https://instagram.flim9-1.fna.fbcdn.net/v/t51.2885-19/283678880_1092521161303223_1910253969556058613_n.jpg?stp=dst-jpg_s150x150&_nc_ht=instagram.flim9-1.fna.fbcdn.net&_nc_cat=111&_nc_ohc=cDpnZYBoJBgQ7kNvgGMMFuo&edm=AMrZAGUBAAAA&ccb=7-5&oh=00_AYDvSYPiMyh2MUhGfqx__lbdyWqpMT0Y98UikzQ9ZuGj5Q&oe=665B6F81&_nc_sid=17eaee",
            "username": "montoyajulio_14"
        },
        "likes_count": 0,
        "answers": []
    }
]