[
    {
        "id": "18334127710034609",
        "created_at": 1668406680,
        "text": "A este paso, terminar\u00e9 vendiendo papas en el mercado por no poder costear mi carrera",
        "owner": {
            "id": "2310007362",
            "is_verified": false,
            "profile_pic_url": "https://instagram.flim8-1.fna.fbcdn.net/v/t51.2885-19/434877790_4250168138455778_4572911642129380186_n.jpg?stp=dst-jpg_s150x150&_nc_ht=instagram.flim8-1.fna.fbcdn.net&_nc_cat=102&_nc_ohc=SpXL5JqO6QoQ7kNvgF19OUw&edm=AMrZAGUBAAAA&ccb=7-5&oh=00_AYDzY7Rjcw4G-CA6-w6CsW3zhskhlzQRZW1cZjA0h3kyUQ&oe=665B7B81&_nc_sid=17eaee",
            "username": "scarlett_mubiker"
        },
        "likes_count": 0,
        "answers": []
    },
    {
        "id": "17939564774522281",
        "created_at": 1668309156,
        "text": "Interesante informaci\u00f3n @joss_albhi25 \ud83d\ude4c",
        "owner": {
            "id": "2182320634",
            "is_verified": false,
            "profile_pic_url": "https://instagram.flim13-1.fna.fbcdn.net/v/t51.2885-19/385280993_6563436240441845_6663637592788335750_n.jpg?stp=dst-jpg_s150x150&_nc_ht=instagram.flim13-1.fna.fbcdn.net&_nc_cat=105&_nc_ohc=8CWprvKVZ4IQ7kNvgH8cCG9&edm=AMrZAGUBAAAA&ccb=7-5&oh=00_AYChnPuVOj7UZOPo_EcuWDbr7fe9lrc1F6t37CZrpGcp7g&oe=665B88A3&_nc_sid=17eaee",
            "username": "karolalexandra_02"
        },
        "likes_count": 1,
        "answers": []
    }
]