[
    {
        "id": "17897962688394342",
        "created_at": 1642049678,
        "text": "@maferpradooo",
        "owner": {
            "id": "3617151982",
            "is_verified": false,
            "profile_pic_url": "https://instagram.flim8-1.fna.fbcdn.net/v/t51.2885-19/443836930_695839729263999_8836609745228935371_n.jpg?stp=dst-jpg_s150x150&_nc_ht=instagram.flim8-1.fna.fbcdn.net&_nc_cat=103&_nc_ohc=IQBa6QTdfesQ7kNvgEr2BR6&edm=AMrZAGUBAAAA&ccb=7-5&oh=00_AYBCDm-cprgNMzFk0CGrJZwQQHUr-9S-q43CoP4CFe2Rgw&oe=665B6D5F&_nc_sid=17eaee",
            "username": "stephdoll20"
        },
        "likes_count": 1,
        "answers": []
    }
]