[
    {
        "id": "17935861064035991",
        "created_at": 1649688818,
        "text": "\ud83d\udc4f\ud83d\udc4f\ud83d\udc4f\ud83d\udc4f\ud83d\udc4f",
        "owner": {
            "id": "42428484092",
            "is_verified": false,
            "profile_pic_url": "https://instagram.flim13-1.fna.fbcdn.net/v/t51.2885-19/446560574_1023806295994813_2193614504148488402_n.jpg?stp=dst-jpg_s150x150&_nc_ht=instagram.flim13-1.fna.fbcdn.net&_nc_cat=101&_nc_ohc=zwZUqaxbrmcQ7kNvgGXoOL6&edm=AMrZAGUBAAAA&ccb=7-5&oh=00_AYAPYQJplcBmq0Lh5wTGDcp6um3GllCJ4qq9pfJwWpmuCg&oe=665B9032&_nc_sid=17eaee",
            "username": "luisaamess"
        },
        "likes_count": 1,
        "answers": []
    }
]