[
    {
        "id": "17974562782491665",
        "created_at": 1649777447,
        "text": "@hello_imdan",
        "owner": {
            "id": "1572500999",
            "is_verified": false,
            "profile_pic_url": "https://instagram.flim9-1.fna.fbcdn.net/v/t51.2885-19/399892961_309298965298506_6238703393327579181_n.jpg?stp=dst-jpg_s150x150&_nc_ht=instagram.flim9-1.fna.fbcdn.net&_nc_cat=106&_nc_ohc=LbG_bYUTKrAQ7kNvgGhYWRU&edm=AMrZAGUBAAAA&ccb=7-5&oh=00_AYBCKrVbUaxXTMfiOwff7oHr1aVVQgDPmuRQokW5YnR0BQ&oe=665B6979&_nc_sid=17eaee",
            "username": "marcelagiuliana"
        },
        "likes_count": 2,
        "answers": []
    },
    {
        "id": "17925025295261918",
        "created_at": 1649650435,
        "text": "@estbn.sc",
        "owner": {
            "id": "7695845356",
            "is_verified": false,
            "profile_pic_url": "https://instagram.flim9-1.fna.fbcdn.net/v/t51.2885-19/425799187_345947658405297_8657486629462771583_n.jpg?stp=dst-jpg_s150x150&_nc_ht=instagram.flim9-1.fna.fbcdn.net&_nc_cat=109&_nc_ohc=hYd4BiJrqekQ7kNvgHjwYbp&edm=AMrZAGUBAAAA&ccb=7-5&oh=00_AYDN5XuJfo_h42Rw9T781P20wkq-rbhEOR_Bf15FiOldvw&oe=665B6AFC&_nc_sid=17eaee",
            "username": "jose.amaro.c"
        },
        "likes_count": 2,
        "answers": [
            {
                "id": 17906095175444370,
                "created_at": 1649655189,
                "text": "@jose.amaro.c \ud83d\ude2e",
                "owner": {
                    "id": "3042572981",
                    "is_verified": false,
                    "profile_pic_url": "https://instagram.flim9-1.fna.fbcdn.net/v/t51.2885-19/310676584_3383268901996794_3426319666574625764_n.jpg?stp=dst-jpg_s150x150&_nc_ht=instagram.flim9-1.fna.fbcdn.net&_nc_cat=106&_nc_ohc=kikvJKWaunwQ7kNvgHP5-zy&edm=AMrZAGUBAAAA&ccb=7-5&oh=00_AYAJ1TB7Fhxn08DLxUsuLRwkdokjeOX5IHUALaKhfXcRbQ&oe=665B6FCB&_nc_sid=17eaee",
                    "username": "estbn.sc"
                },
                "likes_count": 1
            }
        ]
    }
]