[
    {
        "id": "18293125183065529",
        "created_at": 1654465698,
        "text": "@magmma_ @fatima_ktr \ud83d\udc40",
        "owner": {
            "id": "1144189113",
            "is_verified": false,
            "profile_pic_url": "https://instagram.flim8-1.fna.fbcdn.net/v/t51.2885-19/339352865_768836458194244_7704038518324489548_n.jpg?stp=dst-jpg_s150x150&_nc_ht=instagram.flim8-1.fna.fbcdn.net&_nc_cat=104&_nc_ohc=2b65WV_LGBMQ7kNvgFGEHgE&edm=AMrZAGUBAAAA&ccb=7-5&oh=00_AYAZDfXBYDWBS02ict8gh7GgIr_z8k-BqnEoe3kSdyKzJg&oe=665B90D4&_nc_sid=17eaee",
            "username": "ninnaalexandra"
        },
        "likes_count": 0,
        "answers": []
    },
    {
        "id": "17943916847025074",
        "created_at": 1654465064,
        "text": "\ud83e\udd29",
        "owner": {
            "id": "1496637367",
            "is_verified": false,
            "profile_pic_url": "https://instagram.flim9-1.fna.fbcdn.net/v/t51.2885-19/442469297_1115520353020547_5182715984088903247_n.jpg?stp=dst-jpg_s150x150&_nc_ht=instagram.flim9-1.fna.fbcdn.net&_nc_cat=111&_nc_ohc=jxi4UH1M0AYQ7kNvgFmyfJf&edm=AMrZAGUBAAAA&ccb=7-5&oh=00_AYDWcBG-fLoaa0yRLHvqUNYuhM-SQ-w-Vvec5MM9pdggrg&oe=665B8DAF&_nc_sid=17eaee",
            "username": "lizsanteg"
        },
        "likes_count": 0,
        "answers": []
    }
]