[
    {
        "id": "17993665162601057",
        "created_at": 1668561958,
        "text": "no @andreums26 no like",
        "owner": {
            "id": "2320752053",
            "is_verified": false,
            "profile_pic_url": "https://instagram.flim8-1.fna.fbcdn.net/v/t51.2885-19/434899413_430348546147716_390838950445784733_n.jpg?stp=dst-jpg_s150x150&_nc_ht=instagram.flim8-1.fna.fbcdn.net&_nc_cat=100&_nc_ohc=Gt9-1mi9Q0oQ7kNvgGkD30v&edm=AMrZAGUBAAAA&ccb=7-5&oh=00_AYAPmPggXn2f-0HmBuyVBeSl9GJbhaEw5VObrEpIxExt6A&oe=665B90EE&_nc_sid=17eaee",
            "username": "josuejaimess"
        },
        "likes_count": 2,
        "answers": [
            {
                "id": 17970443350907788,
                "created_at": 1668562628,
                "text": "@josuejaimess esp\u00e9rame que vuelvo el domingo",
                "owner": {
                    "id": "1444976374",
                    "is_verified": false,
                    "profile_pic_url": "https://instagram.flim9-1.fna.fbcdn.net/v/t51.2885-19/412293994_3333003153512790_3672043614354236431_n.jpg?stp=dst-jpg_s150x150&_nc_ht=instagram.flim9-1.fna.fbcdn.net&_nc_cat=106&_nc_ohc=c3w6fwRR3MwQ7kNvgG7ODg2&edm=AMrZAGUBAAAA&ccb=7-5&oh=00_AYAGJU0iCOtvDfdlXYQxG_5G-1bePti5mRlifSPrcjXzhQ&oe=665B6D38&_nc_sid=17eaee",
                    "username": "andreums26"
                },
                "likes_count": 1
            }
        ]
    }
]