[
    {
        "id": "18043752337455111",
        "created_at": 1685320270,
        "text": "Esa moneda NO SIRVE PARA NADA EN EL PA\u00cdS",
        "owner": {
            "id": "59632213022",
            "is_verified": false,
            "profile_pic_url": "https://instagram.flim8-1.fna.fbcdn.net/v/t51.2885-19/358025067_947820149638407_6761348542041272870_n.jpg?stp=dst-jpg_s150x150&_nc_ht=instagram.flim8-1.fna.fbcdn.net&_nc_cat=103&_nc_ohc=s66iujm3TTkQ7kNvgEML2ZV&edm=AMrZAGUBAAAA&ccb=7-5&oh=00_AYD_eEHZD0bWuauJS5X3kneCTtZr9l174KnXimPNhbKZ6A&oe=665B8207&_nc_sid=17eaee",
            "username": "bankperu1992"
        },
        "likes_count": 0,
        "answers": []
    }
]