[
    {
        "id": "17988658673478718",
        "created_at": 1691174047,
        "text": "STARTUP es un kdrama buen\u00edsimo, super recomendado para verlo, tiene un gran mensaje sobre aprender a lidiar con la frustraci\u00f3n, negociaci\u00f3n, tecnolog\u00eda , networking , pivotear entre otras habilidades. \ud83d\ude4c",
        "owner": {
            "id": "16621509677",
            "is_verified": false,
            "profile_pic_url": "https://instagram.flim9-1.fna.fbcdn.net/v/t51.2885-19/439259661_415236824573563_9119928285874275132_n.jpg?stp=dst-jpg_s150x150&_nc_ht=instagram.flim9-1.fna.fbcdn.net&_nc_cat=107&_nc_ohc=9KmR8FeL8u0Q7kNvgEEF3CJ&edm=AMrZAGUBAAAA&ccb=7-5&oh=00_AYAvSokGwqusLBzYzw71qvZdcguvP83FpSwbQZDz5iBR2Q&oe=665B886E&_nc_sid=17eaee",
            "username": "sandra_timora"
        },
        "likes_count": 1,
        "answers": []
    },
    {
        "id": "17986271057221112",
        "created_at": 1691065524,
        "text": "Por qu\u00e9 plataforma la podemos ver",
        "owner": {
            "id": "2270178248",
            "is_verified": false,
            "profile_pic_url": "https://instagram.flim9-1.fna.fbcdn.net/v/t51.2885-19/403980226_672041301781207_6990733589017653855_n.jpg?stp=dst-jpg_s150x150&_nc_ht=instagram.flim9-1.fna.fbcdn.net&_nc_cat=107&_nc_ohc=Kfz-UZDGijUQ7kNvgEbEfAp&edm=AMrZAGUBAAAA&ccb=7-5&oh=00_AYDUd1LSjtnlz7bwmaawUAN7XFkOT6ppgRfxLpbVPdjtpA&oe=665B5A54&_nc_sid=17eaee",
            "username": "nathy.venero"
        },
        "likes_count": 1,
        "answers": [
            {
                "id": 18033591994532261,
                "created_at": 1691065966,
                "text": "@nathy.venero est\u00e1 en Netflix \ud83d\ude4c",
                "owner": {
                    "id": "9489669384",
                    "is_verified": false,
                    "profile_pic_url": "https://instagram.flim9-1.fna.fbcdn.net/v/t51.2885-19/438663052_387073304293015_4387304986667109048_n.jpg?stp=dst-jpg_s150x150&_nc_ht=instagram.flim9-1.fna.fbcdn.net&_nc_cat=107&_nc_ohc=hEMQcFPS5KUQ7kNvgHVWtBh&edm=AMrZAGUBAAAA&ccb=7-5&oh=00_AYCKNebxjRedRk1v8S7G3DgJLf47voHjM9Bpl7s6bipxhg&oe=665B8128&_nc_sid=17eaee",
                    "username": "paola_benancio"
                },
                "likes_count": 2
            }
        ]
    },
    {
        "id": "18150338182289874",
        "created_at": 1691053526,
        "text": "S\u00faper interesante!",
        "owner": {
            "id": "1144189113",
            "is_verified": false,
            "profile_pic_url": "https://instagram.flim8-1.fna.fbcdn.net/v/t51.2885-19/339352865_768836458194244_7704038518324489548_n.jpg?stp=dst-jpg_s150x150&_nc_ht=instagram.flim8-1.fna.fbcdn.net&_nc_cat=104&_nc_ohc=2b65WV_LGBMQ7kNvgFGEHgE&edm=AMrZAGUBAAAA&ccb=7-5&oh=00_AYAZyc_BGJIHBFc1A9yzReqAW8wqK5AhEYzbg-ThxB1lcg&oe=665B5894&_nc_sid=17eaee",
            "username": "ninnaalexandra"
        },
        "likes_count": 1,
        "answers": []
    },
    {
        "id": "18228195532215770",
        "created_at": 1691035973,
        "text": "\ud83d\udc4f",
        "owner": {
            "id": "3510605604",
            "is_verified": false,
            "profile_pic_url": "https://instagram.flim8-1.fna.fbcdn.net/v/t51.2885-19/443838387_975977873832158_5106267439300263051_n.jpg?stp=dst-jpg_s150x150&_nc_ht=instagram.flim8-1.fna.fbcdn.net&_nc_cat=102&_nc_ohc=wQJwXYKFp9wQ7kNvgGnVw9H&edm=AMrZAGUBAAAA&ccb=7-5&oh=00_AYCmT1a1dhwRX7VA4vWoHQoDKUVA_3yMy9-lzCCk_lCP9A&oe=665B7627&_nc_sid=17eaee",
            "username": "csrhupa"
        },
        "likes_count": 1,
        "answers": []
    }
]