[
    {
        "id": "18031258369537294",
        "created_at": 1690510229,
        "text": "Muy tarde, ya ca\u00ed en el ruleteo xd",
        "owner": {
            "id": "1821452754",
            "is_verified": false,
            "profile_pic_url": "https://instagram.flim8-1.fna.fbcdn.net/v/t51.2885-19/365504793_959781291797796_97545069228446077_n.jpg?stp=dst-jpg_s150x150&_nc_ht=instagram.flim8-1.fna.fbcdn.net&_nc_cat=100&_nc_ohc=Urocg-lM7OQQ7kNvgHHQIaF&edm=AMrZAGUBAAAA&ccb=7-5&oh=00_AYB-TqjsocT_WJYdxQj3h8qNblN4vVuiEabOAOuzxZ8nNA&oe=665B8AAB&_nc_sid=17eaee",
            "username": "hamenller_neira"
        },
        "likes_count": 2,
        "answers": [
            {
                "id": 18297748618116744,
                "created_at": 1690513442,
                "text": "@hamenller_neira mi mam\u00e1 jajajajaja",
                "owner": {
                    "id": "4528559172",
                    "is_verified": false,
                    "profile_pic_url": "https://instagram.flim13-1.fna.fbcdn.net/v/t51.2885-19/439913431_992289798959698_8205345539029724628_n.jpg?stp=dst-jpg_s150x150&_nc_ht=instagram.flim13-1.fna.fbcdn.net&_nc_cat=110&_nc_ohc=JYYf5Wx02eoQ7kNvgGvM-oT&edm=AMrZAGUBAAAA&ccb=7-5&oh=00_AYD1G10avyKXaaleMfXCF_UXEynpLVVJKmziBbewvj6n5g&oe=665B6F37&_nc_sid=17eaee",
                    "username": "sergiocuadrosq"
                },
                "likes_count": 0
            },
            {
                "id": 18024525985579991,
                "created_at": 1690512976,
                "text": "@hamenller_neira JAJAJA SOMOS DOS",
                "owner": {
                    "id": "1444005383",
                    "is_verified": false,
                    "profile_pic_url": "https://instagram.flim8-1.fna.fbcdn.net/v/t51.2885-19/445196754_1136982350976424_8836584005024149017_n.jpg?stp=dst-jpg_s150x150&_nc_ht=instagram.flim8-1.fna.fbcdn.net&_nc_cat=104&_nc_ohc=poVXl_OWLM0Q7kNvgFXB9a3&edm=AMrZAGUBAAAA&ccb=7-5&oh=00_AYCpB0a1aG9Xp7n0Y5IE5FWk4t30hU1r7HNcguTcDqpSdg&oe=665B5BCF&_nc_sid=17eaee",
                    "username": "angieeezzz"
                },
                "likes_count": 0
            }
        ]
    },
    {
        "id": "17947392404536474",
        "created_at": 1690508441,
        "text": "buen video \ud83d\ude4c",
        "owner": {
            "id": "4528559172",
            "is_verified": false,
            "profile_pic_url": "https://instagram.flim13-1.fna.fbcdn.net/v/t51.2885-19/439913431_992289798959698_8205345539029724628_n.jpg?stp=dst-jpg_s150x150&_nc_ht=instagram.flim13-1.fna.fbcdn.net&_nc_cat=110&_nc_ohc=JYYf5Wx02eoQ7kNvgGvM-oT&edm=AMrZAGUBAAAA&ccb=7-5&oh=00_AYD1G10avyKXaaleMfXCF_UXEynpLVVJKmziBbewvj6n5g&oe=665B6F37&_nc_sid=17eaee",
            "username": "sergiocuadrosq"
        },
        "likes_count": 1,
        "answers": []
    },
    {
        "id": "18023524993559223",
        "created_at": 1690508432,
        "text": "muy tarde ya estoy en infocorp",
        "owner": {
            "id": "4528559172",
            "is_verified": false,
            "profile_pic_url": "https://instagram.flim13-1.fna.fbcdn.net/v/t51.2885-19/439913431_992289798959698_8205345539029724628_n.jpg?stp=dst-jpg_s150x150&_nc_ht=instagram.flim13-1.fna.fbcdn.net&_nc_cat=110&_nc_ohc=JYYf5Wx02eoQ7kNvgGvM-oT&edm=AMrZAGUBAAAA&ccb=7-5&oh=00_AYD1G10avyKXaaleMfXCF_UXEynpLVVJKmziBbewvj6n5g&oe=665B6F37&_nc_sid=17eaee",
            "username": "sergiocuadrosq"
        },
        "likes_count": 2,
        "answers": []
    }
]