[
    {
        "id": "17961760838383495",
        "created_at": 1680312360,
        "text": "\ud83d\udc4f\ud83d\udc4f\ud83d\udc4f",
        "owner": {
            "id": "1504672978",
            "is_verified": false,
            "profile_pic_url": "https://instagram.flim8-1.fna.fbcdn.net/v/t51.2885-19/322416328_711593553670922_66119498068623707_n.jpg?stp=dst-jpg_s150x150&_nc_ht=instagram.flim8-1.fna.fbcdn.net&_nc_cat=102&_nc_ohc=TXovrkrvp-4Q7kNvgE3oPCS&edm=AMrZAGUBAAAA&ccb=7-5&oh=00_AYBHfxGw_NJJEArOPeUqKJ2KeZNMTxyOe5Fv1snJ7-HvYw&oe=665B8367&_nc_sid=17eaee",
            "username": "lcahuana"
        },
        "likes_count": 0,
        "answers": []
    }
]