[
    {
        "id": "17875462187969375",
        "created_at": 1703910954,
        "text": "\ud83d\ude0d",
        "owner": {
            "id": "51907799816",
            "is_verified": false,
            "profile_pic_url": "https://instagram.flim9-1.fna.fbcdn.net/v/t51.2885-19/273993062_152039707182107_6243831811060524303_n.jpg?stp=dst-jpg_s150x150&_nc_ht=instagram.flim9-1.fna.fbcdn.net&_nc_cat=111&_nc_ohc=2CKenLcem94Q7kNvgE0LCBt&edm=AMrZAGUBAAAA&ccb=7-5&oh=00_AYBBTuX-tcTBBrf7iWDIEYkEF1Bo-ODqnRpwYPvHsTjP_Q&oe=665B8BDB&_nc_sid=17eaee",
            "username": "rentalprime"
        },
        "likes_count": 0,
        "answers": []
    },
    {
        "id": "18014142062092593",
        "created_at": 1703909992,
        "text": "\ud83d\udd25\ud83d\udd25\ud83d\udd25\ud83d\ude4c",
        "owner": {
            "id": "6444272172",
            "is_verified": false,
            "profile_pic_url": "https://instagram.flim8-1.fna.fbcdn.net/v/t51.2885-19/399533800_1288536918516096_2075749015506140589_n.jpg?stp=dst-jpg_s150x150&_nc_ht=instagram.flim8-1.fna.fbcdn.net&_nc_cat=100&_nc_ohc=i-6PzmuPiX8Q7kNvgGNym0X&edm=AMrZAGUBAAAA&ccb=7-5&oh=00_AYBZ4NaUgonu-pbZoT-NhyMPSzgupYtPOnscXhl4fp_6Lw&oe=665B6BCA&_nc_sid=17eaee",
            "username": "_jesus_salcedo"
        },
        "likes_count": 0,
        "answers": []
    },
    {
        "id": "17984495906378567",
        "created_at": 1703904359,
        "text": "\ud83d\udd25\ud83d\udd25",
        "owner": {
            "id": "727954488",
            "is_verified": false,
            "profile_pic_url": "https://instagram.flim8-1.fna.fbcdn.net/v/t51.2885-19/435586116_1501766627134947_6916916339340261869_n.jpg?stp=dst-jpg_s150x150&_nc_ht=instagram.flim8-1.fna.fbcdn.net&_nc_cat=103&_nc_ohc=hPgxZ0ZK468Q7kNvgEmFbyp&edm=AMrZAGUBAAAA&ccb=7-5&oh=00_AYDyphUDprilhZz2jSHiOvJrqKw-H8-50mw1mSlY8Pj0jw&oe=665B5C09&_nc_sid=17eaee",
            "username": "alearannda16"
        },
        "likes_count": 0,
        "answers": []
    },
    {
        "id": "18013778099027216",
        "created_at": 1703899487,
        "text": "\ud83d\udd25",
        "owner": {
            "id": "1821452754",
            "is_verified": false,
            "profile_pic_url": "https://instagram.flim8-1.fna.fbcdn.net/v/t51.2885-19/365504793_959781291797796_97545069228446077_n.jpg?stp=dst-jpg_s150x150&_nc_ht=instagram.flim8-1.fna.fbcdn.net&_nc_cat=100&_nc_ohc=Urocg-lM7OQQ7kNvgHHQIaF&edm=AMrZAGUBAAAA&ccb=7-5&oh=00_AYB-TqjsocT_WJYdxQj3h8qNblN4vVuiEabOAOuzxZ8nNA&oe=665B8AAB&_nc_sid=17eaee",
            "username": "hamenller_neira"
        },
        "likes_count": 0,
        "answers": []
    },
    {
        "id": "17896971434859208",
        "created_at": 1703899387,
        "text": "\ud83d\udd25\ud83d\udd25",
        "owner": {
            "id": "1131916118",
            "is_verified": false,
            "profile_pic_url": "https://instagram.flim9-1.fna.fbcdn.net/v/t51.2885-19/439587500_481101317573719_7377160368503453559_n.jpg?stp=dst-jpg_s150x150&_nc_ht=instagram.flim9-1.fna.fbcdn.net&_nc_cat=107&_nc_ohc=R9SBDnPf2gsQ7kNvgHTy4wx&edm=AMrZAGUBAAAA&ccb=7-5&oh=00_AYBA2xyFePMBrjxaTKPsqit75o1W6MQPGmq8ppHhUrw5Vw&oe=665B7321&_nc_sid=17eaee",
            "username": "daniela.hcc"
        },
        "likes_count": 0,
        "answers": []
    },
    {
        "id": "17966518811672414",
        "created_at": 1703899254,
        "text": "\ud83d\udd25",
        "owner": {
            "id": "1765871918",
            "is_verified": false,
            "profile_pic_url": "https://instagram.flim9-1.fna.fbcdn.net/v/t51.2885-19/433396061_2437339649790935_3594293475202702313_n.jpg?stp=dst-jpg_s150x150&_nc_ht=instagram.flim9-1.fna.fbcdn.net&_nc_cat=111&_nc_ohc=LFygXnZifqsQ7kNvgHTzfcK&edm=AMrZAGUBAAAA&ccb=7-5&oh=00_AYAv4uc0VAT70rzESkgSoZKlVya_6KtHGwkG_nYOvwVKWA&oe=665B65D0&_nc_sid=17eaee",
            "username": "sergiobalcas"
        },
        "likes_count": 0,
        "answers": []
    }
]