[
    {
        "id": "17981521856016511",
        "created_at": 1685200112,
        "text": "Mostbet est\u00e1 lhe dando um pequeno presente, por favor, visite direto",
        "owner": {
            "id": "56993378197",
            "is_verified": false,
            "profile_pic_url": "https://instagram.fslz5-1.fna.fbcdn.net/v/t51.2885-19/44884218_345707102882519_2446069589734326272_n.jpg?_nc_ht=instagram.fslz5-1.fna.fbcdn.net&_nc_cat=1&_nc_ohc=hzidlFdfQAUQ7kNvgGaNDSG&edm=AAYDq1YBAAAA&ccb=7-5&ig_cache_key=YW5vbnltb3VzX3Byb2ZpbGVfcGlj.2-ccb7-5&oh=00_AYDemVUT78_FBDWAiR6259BRp3sz_n-lUpfrBjfYsSCoLQ&oe=665B650F&_nc_sid=7f352c",
            "username": "susanyoungtfhuqvckld"
        },
        "likes_count": 0,
        "answers": []
    }
]