[
    {
        "id": "17847234623995381",
        "created_at": 1686670440,
        "text": "\ud83d\udd25",
        "owner": {
            "id": "5706320831",
            "is_verified": false,
            "profile_pic_url": "https://scontent-iad3-1.cdninstagram.com/v/t51.2885-19/44884218_345707102882519_2446069589734326272_n.jpg?_nc_ht=scontent-iad3-1.cdninstagram.com&_nc_cat=1&_nc_ohc=hzidlFdfQAUQ7kNvgHGqimY&edm=AAAAAAABAAAA&ccb=7-5&ig_cache_key=YW5vbnltb3VzX3Byb2ZpbGVfcGlj.2-ccb7-5&oh=00_AYDCtrMrPJkfZObRaosrpUK-IqKRtUZQe8qdxwPbZijB6w&oe=665B650F&_nc_sid=2c5659",
            "username": "harry_alexis_19"
        },
        "likes_count": 0,
        "answers": []
    }
]