[
    {
        "id": "18007386661607250",
        "created_at": 1679570575,
        "text": "6/6",
        "owner": {
            "id": "48540305302",
            "is_verified": false,
            "profile_pic_url": "https://instagram.flim8-1.fna.fbcdn.net/v/t51.2885-19/384392071_191833317263415_6307423188040731801_n.jpg?stp=dst-jpg_s150x150&_nc_ht=instagram.flim8-1.fna.fbcdn.net&_nc_cat=103&_nc_ohc=AZr4Nb22SJMQ7kNvgGU-2gO&edm=AMrZAGUBAAAA&ccb=7-5&oh=00_AYDSQfYBbrr-zawBuGytaordTCZV_o-85G_afiUneKT-RA&oe=665B6442&_nc_sid=17eaee",
            "username": "tibiazoo"
        },
        "likes_count": 0,
        "answers": []
    },
    {
        "id": "17862469115909504",
        "created_at": 1679534888,
        "text": "4/6 \ud83e\udd19",
        "owner": {
            "id": "4085012347",
            "is_verified": false,
            "profile_pic_url": "https://instagram.flim9-1.fna.fbcdn.net/v/t51.2885-19/358978319_117379714746090_1112933881044229217_n.jpg?stp=dst-jpg_s150x150&_nc_ht=instagram.flim9-1.fna.fbcdn.net&_nc_cat=106&_nc_ohc=WUETGWYsyZ8Q7kNvgFf65bK&edm=AMrZAGUBAAAA&ccb=7-5&oh=00_AYBLSDZYQwUCdyk1OLxaWwfSZvyMaLCKH8Z4PHfjER5wxg&oe=665B86A5&_nc_sid=17eaee",
            "username": "alessandro_sr22"
        },
        "likes_count": 0,
        "answers": []
    },
    {
        "id": "17960257547387559",
        "created_at": 1679533788,
        "text": "4/6 Marx estar\u00eda decepcionado (no creo que me afecte mucho)",
        "owner": {
            "id": "4528559172",
            "is_verified": false,
            "profile_pic_url": "https://instagram.flim13-1.fna.fbcdn.net/v/t51.2885-19/439913431_992289798959698_8205345539029724628_n.jpg?stp=dst-jpg_s150x150&_nc_ht=instagram.flim13-1.fna.fbcdn.net&_nc_cat=110&_nc_ohc=JYYf5Wx02eoQ7kNvgGvM-oT&edm=AMrZAGUBAAAA&ccb=7-5&oh=00_AYD1G10avyKXaaleMfXCF_UXEynpLVVJKmziBbewvj6n5g&oe=665B6F37&_nc_sid=17eaee",
            "username": "sergiocuadrosq"
        },
        "likes_count": 0,
        "answers": [
            {
                "id": 18275112661140998,
                "created_at": 1679535464,
                "text": "@sergiocuadrosq :ppppp",
                "owner": {
                    "id": "1444005383",
                    "is_verified": false,
                    "profile_pic_url": "https://instagram.flim8-1.fna.fbcdn.net/v/t51.2885-19/445196754_1136982350976424_8836584005024149017_n.jpg?stp=dst-jpg_s150x150&_nc_ht=instagram.flim8-1.fna.fbcdn.net&_nc_cat=104&_nc_ohc=poVXl_OWLM0Q7kNvgFXB9a3&edm=AMrZAGUBAAAA&ccb=7-5&oh=00_AYCpB0a1aG9Xp7n0Y5IE5FWk4t30hU1r7HNcguTcDqpSdg&oe=665B5BCF&_nc_sid=17eaee",
                    "username": "angieeezzz"
                },
                "likes_count": 0
            }
        ]
    },
    {
        "id": "17863161650862752",
        "created_at": 1679532719,
        "text": "4/6 @juanjoaraoz \ud83d\udc41\ufe0f\ud83d\udc41\ufe0f",
        "owner": {
            "id": "3549854858",
            "is_verified": false,
            "profile_pic_url": "https://instagram.flim8-1.fna.fbcdn.net/v/t51.2885-19/324071493_3073307642968200_7434449973264643601_n.jpg?stp=dst-jpg_s150x150&_nc_ht=instagram.flim8-1.fna.fbcdn.net&_nc_cat=100&_nc_ohc=vpTJyvdb1fwQ7kNvgHQI70W&edm=AMrZAGUBAAAA&ccb=7-5&oh=00_AYCsJL2ePTDdGDSzS3HXZ5pT1KyjtsMKgikR2qY17mWsXg&oe=665B8014&_nc_sid=17eaee",
            "username": "quemalavibra"
        },
        "likes_count": 1,
        "answers": [
            {
                "id": 17981276827884349,
                "created_at": 1679538014,
                "text": "@quemalavibra 6/6 \ud83c\udf89 (no estaba seguro con la 5ta)",
                "owner": {
                    "id": "6955223188",
                    "is_verified": false,
                    "profile_pic_url": "https://instagram.flim13-1.fna.fbcdn.net/v/t51.2885-19/445594085_426283820338465_8703079382000756603_n.jpg?stp=dst-jpg_s150x150&_nc_ht=instagram.flim13-1.fna.fbcdn.net&_nc_cat=101&_nc_ohc=iFX1idqc9g4Q7kNvgHqz8oQ&edm=AMrZAGUBAAAA&ccb=7-5&oh=00_AYClnYZnlVnozOSqvLs_gl-AgQTXMsrNZzPIF2_oV3Igvg&oe=665B8913&_nc_sid=17eaee",
                    "username": "juanjoaraoz"
                },
                "likes_count": 0
            }
        ]
    },
    {
        "id": "17855551556901701",
        "created_at": 1679531827,
        "text": "@herickvs @pamnicornio @sergiocuadrosq",
        "owner": {
            "id": "1444005383",
            "is_verified": false,
            "profile_pic_url": "https://instagram.flim8-1.fna.fbcdn.net/v/t51.2885-19/445196754_1136982350976424_8836584005024149017_n.jpg?stp=dst-jpg_s150x150&_nc_ht=instagram.flim8-1.fna.fbcdn.net&_nc_cat=104&_nc_ohc=poVXl_OWLM0Q7kNvgFXB9a3&edm=AMrZAGUBAAAA&ccb=7-5&oh=00_AYCpB0a1aG9Xp7n0Y5IE5FWk4t30hU1r7HNcguTcDqpSdg&oe=665B5BCF&_nc_sid=17eaee",
            "username": "angieeezzz"
        },
        "likes_count": 2,
        "answers": [
            {
                "id": 17960741543458201,
                "created_at": 1679533646,
                "text": "@angieeezzz gracioso porque es de Marx",
                "owner": {
                    "id": "4528559172",
                    "is_verified": false,
                    "profile_pic_url": "https://instagram.flim13-1.fna.fbcdn.net/v/t51.2885-19/439913431_992289798959698_8205345539029724628_n.jpg?stp=dst-jpg_s150x150&_nc_ht=instagram.flim13-1.fna.fbcdn.net&_nc_cat=110&_nc_ohc=JYYf5Wx02eoQ7kNvgGvM-oT&edm=AMrZAGUBAAAA&ccb=7-5&oh=00_AYD1G10avyKXaaleMfXCF_UXEynpLVVJKmziBbewvj6n5g&oe=665B6F37&_nc_sid=17eaee",
                    "username": "sergiocuadrosq"
                },
                "likes_count": 0
            }
        ]
    },
    {
        "id": "17970308576190419",
        "created_at": 1679531797,
        "text": "6/6 \ud83d\ude04 jajajaja",
        "owner": {
            "id": "1444005383",
            "is_verified": false,
            "profile_pic_url": "https://instagram.flim8-1.fna.fbcdn.net/v/t51.2885-19/445196754_1136982350976424_8836584005024149017_n.jpg?stp=dst-jpg_s150x150&_nc_ht=instagram.flim8-1.fna.fbcdn.net&_nc_cat=104&_nc_ohc=poVXl_OWLM0Q7kNvgFXB9a3&edm=AMrZAGUBAAAA&ccb=7-5&oh=00_AYCpB0a1aG9Xp7n0Y5IE5FWk4t30hU1r7HNcguTcDqpSdg&oe=665B5BCF&_nc_sid=17eaee",
            "username": "angieeezzz"
        },
        "likes_count": 1,
        "answers": []
    }
]