[
    {
        "id": "17872346426875664",
        "created_at": 1682118224,
        "text": "La teor\u00eda mas absurda que retraso la teor\u00eda econ\u00f3mica unos 120 a\u00f1os destruyendo todos los microfundamentos y el marco macroecon\u00f3mico imperantes de la \u00e9poca que hoy se vuelven a retomar porque es donde siempre estuvo el sendero para comprender econom\u00eda.  Incre\u00edble que un pol\u00edtico con solo un curso en equilibrio parcial con Marshall haya podido tener un impacto tan relevante en la historia del pensamiento. Sin duda un genio debido a la completa ignorancia de la gente . No creo descubrio conocimiento si no lo destruy\u00f3.",
        "owner": {
            "id": "52643346217",
            "is_verified": false,
            "profile_pic_url": "https://instagram.flim8-1.fna.fbcdn.net/v/t51.2885-19/369608895_595783752632688_297374902964282348_n.jpg?stp=dst-jpg_s150x150&_nc_ht=instagram.flim8-1.fna.fbcdn.net&_nc_cat=100&_nc_ohc=Qd_fTa2tJR0Q7kNvgHRiq6Z&edm=AMrZAGUBAAAA&ccb=7-5&oh=00_AYDONSxZ_dMSWbQfiRSBsh4vPuimR2POg1EgHWrwVnKyRA&oe=665B5EFC&_nc_sid=17eaee",
            "username": "tomas.chunga"
        },
        "likes_count": 0,
        "answers": []
    },
    {
        "id": "17910404426717287",
        "created_at": 1682032289,
        "text": "4/5",
        "owner": {
            "id": "51756423747",
            "is_verified": false,
            "profile_pic_url": "https://instagram.flim13-1.fna.fbcdn.net/v/t51.2885-19/433509015_359803053703813_941072046990579751_n.jpg?stp=dst-jpg_s150x150&_nc_ht=instagram.flim13-1.fna.fbcdn.net&_nc_cat=101&_nc_ohc=K-dQ7c91DpQQ7kNvgEEaE2i&edm=AMrZAGUBAAAA&ccb=7-5&oh=00_AYCDXiDhC9QNWeabnlSeg4Z1qsb_FNIGjdcTWofLKUzrnA&oe=665B5E80&_nc_sid=17eaee",
            "username": "jamil.cartagena"
        },
        "likes_count": 0,
        "answers": []
    },
    {
        "id": "17965506983208599",
        "created_at": 1682013744,
        "text": "5/5\ud83d\udd25",
        "owner": {
            "id": "4085012347",
            "is_verified": false,
            "profile_pic_url": "https://instagram.flim9-1.fna.fbcdn.net/v/t51.2885-19/358978319_117379714746090_1112933881044229217_n.jpg?stp=dst-jpg_s150x150&_nc_ht=instagram.flim9-1.fna.fbcdn.net&_nc_cat=106&_nc_ohc=WUETGWYsyZ8Q7kNvgFf65bK&edm=AMrZAGUBAAAA&ccb=7-5&oh=00_AYBLSDZYQwUCdyk1OLxaWwfSZvyMaLCKH8Z4PHfjER5wxg&oe=665B86A5&_nc_sid=17eaee",
            "username": "alessandro_sr22"
        },
        "likes_count": 0,
        "answers": []
    },
    {
        "id": "18029259817495580",
        "created_at": 1682007593,
        "text": "4/5 \ud83e\udd13\ud83d\udcd6",
        "owner": {
            "id": "1444005383",
            "is_verified": false,
            "profile_pic_url": "https://instagram.flim8-1.fna.fbcdn.net/v/t51.2885-19/445196754_1136982350976424_8836584005024149017_n.jpg?stp=dst-jpg_s150x150&_nc_ht=instagram.flim8-1.fna.fbcdn.net&_nc_cat=104&_nc_ohc=poVXl_OWLM0Q7kNvgFXB9a3&edm=AMrZAGUBAAAA&ccb=7-5&oh=00_AYCpB0a1aG9Xp7n0Y5IE5FWk4t30hU1r7HNcguTcDqpSdg&oe=665B5BCF&_nc_sid=17eaee",
            "username": "angieeezzz"
        },
        "likes_count": 0,
        "answers": []
    },
    {
        "id": "18011554390592515",
        "created_at": 1681997982,
        "text": "@peter.torres03",
        "owner": {
            "id": "5737846594",
            "is_verified": false,
            "profile_pic_url": "https://instagram.flim8-1.fna.fbcdn.net/v/t51.2885-19/37420972_291320801450904_1507605109410889728_n.jpg?stp=dst-jpg_s150x150&_nc_ht=instagram.flim8-1.fna.fbcdn.net&_nc_cat=100&_nc_ohc=rMM5yN08IfoQ7kNvgGLU9cf&edm=AMrZAGUBAAAA&ccb=7-5&oh=00_AYC9x8iBM0iMpqfkkxgS6DR4opeLITRYddNk3DDA7--nJQ&oe=665B5C5F&_nc_sid=17eaee",
            "username": "fabiansilva32"
        },
        "likes_count": 0,
        "answers": [
            {
                "id": 18001458526691426,
                "created_at": 1682003609,
                "text": "@fabiansilva32 ..",
                "owner": {
                    "id": "4461237692",
                    "is_verified": false,
                    "profile_pic_url": "https://instagram.flim9-1.fna.fbcdn.net/v/t51.2885-19/291273074_1124615114761977_7506960101829974177_n.jpg?stp=dst-jpg_s150x150&_nc_ht=instagram.flim9-1.fna.fbcdn.net&_nc_cat=109&_nc_ohc=RcL8w5U--jMQ7kNvgG9P8bt&edm=AMrZAGUBAAAA&ccb=7-5&oh=00_AYAMxw0PU4TJFQYJreqqNdsKN2_rsuXlS5b600L6xoU2Qw&oe=665B8550&_nc_sid=17eaee",
                    "username": "peter.torres03"
                },
                "likes_count": 0
            }
        ]
    },
    {
        "id": "18243697963081429",
        "created_at": 1681949584,
        "text": "5 de 5",
        "owner": {
            "id": "2865769878",
            "is_verified": false,
            "profile_pic_url": "https://scontent-iad3-1.cdninstagram.com/v/t51.2885-19/44884218_345707102882519_2446069589734326272_n.jpg?_nc_ht=scontent-iad3-1.cdninstagram.com&_nc_cat=1&_nc_ohc=hzidlFdfQAUQ7kNvgF0DI4J&edm=AAAAAAABAAAA&ccb=7-5&ig_cache_key=YW5vbnltb3VzX3Byb2ZpbGVfcGlj.2-ccb7-5&oh=00_AYDS5z5sx6m2BU_xFl7iW-iVoKe95vVeOhWqpuPZOxdoAQ&oe=665B650F&_nc_sid=2c5659",
            "username": "ferna_ndo.rojas"
        },
        "likes_count": 0,
        "answers": []
    }
]