[
    {
        "id": "18004135474564827",
        "created_at": 1674442111,
        "text": "En por qu\u00e9 desbordan faltar\u00eda incluir porque NO entendieron que el autogolpe convert\u00eda a Castillo en un ser al borde de la justicia y lo destitu\u00eda de la Presidencia y que reconocer a Boluarte era justamente reforzar que las elecciones las hab\u00eda ganado esa f\u00f3rmula de manera democr\u00e1tica. Sumada a la mediocre respuesta del Congreso, es que ellos llaman usurpadora a la Sra Boluarte y no la reconocen. Falta indicar tambi\u00e9n que las universidades son centros educativos no tienen que politizarse, y que todo aquel que quiera apoyar a la gente del interior es libre de hacerlo con sus recursos no con el dinero de los que pagamos impuestos y peor que lo sucedido en San Marcos ni siquiera solicitaron permiso al rectorado.",
        "owner": {
            "id": "407067227",
            "is_verified": false,
            "profile_pic_url": "https://instagram.flim8-1.fna.fbcdn.net/v/t51.2885-19/442651826_425419410217576_1679508070996751720_n.jpg?stp=dst-jpg_s150x150&_nc_ht=instagram.flim8-1.fna.fbcdn.net&_nc_cat=104&_nc_ohc=UqiTS7GdCEEQ7kNvgGHUCgi&edm=AMrZAGUBAAAA&ccb=7-5&oh=00_AYBN5GFclzF_G8jkN3TxyShmB_mgBaJVKJVzxJoc1QnC-A&oe=665B59D7&_nc_sid=17eaee",
            "username": "joanna.mbc"
        },
        "likes_count": 5,
        "answers": [
            {
                "id": 18342265969059038,
                "created_at": 1674456294,
                "text": "@joanna.mbc Buen aporte. Sobre el primer punto, m\u00e1s all\u00e1 de la falta de entendimiento sobre la sucesi\u00f3n presidencial, los sure\u00f1os vieron en la toma de cargo por parte de Boluarte una suerte de \"traici\u00f3n\", puesto que ella enfatizaba vigorosamente en p\u00fablico: \"si vacan a PC, me voy con \u00e9l\". Es decir, estos ciudadanos no es que no entend\u00edan que Dina Boluarte deber\u00eda subir al mando (\u00a1probablemente s\u00ed sab\u00edan las razones concretas por los casos recientes de Vizcarra, Merino y Sagasti!), sino que esperaban que DB no lo haga por lealtad hacia Castillo y sus votantes. Entonces, parte del problema la tiene la presidenta Boluarte, ya que no supo dar una correcta respuesta pol\u00edtica cuando asumi\u00f3 el mando y dicho vac\u00edo solo empeor\u00f3 la situaci\u00f3n. Respecto al segundo punto, estoy muy de acuerdo. Sin embargo, es importante agregar que no hay justificaci\u00f3n alguna para la represi\u00f3n desproporcionada y la violaci\u00f3n de derechos humanos.",
                "owner": {
                    "id": "1821452754",
                    "is_verified": false,
                    "profile_pic_url": "https://instagram.flim8-1.fna.fbcdn.net/v/t51.2885-19/365504793_959781291797796_97545069228446077_n.jpg?stp=dst-jpg_s150x150&_nc_ht=instagram.flim8-1.fna.fbcdn.net&_nc_cat=100&_nc_ohc=Urocg-lM7OQQ7kNvgHHQIaF&edm=AMrZAGUBAAAA&ccb=7-5&oh=00_AYB-TqjsocT_WJYdxQj3h8qNblN4vVuiEabOAOuzxZ8nNA&oe=665B8AAB&_nc_sid=17eaee",
                    "username": "hamenller_neira"
                },
                "likes_count": 2
            },
            {
                "id": 17998507369613415,
                "created_at": 1674471967,
                "text": "@hamenller_neira sobre el punto de DB correcto ella no puede renunciar, pues es mayor inestabilidad para el pa\u00eds, lo que debi\u00f3 reforzar era que acompa\u00f1\u00f3 en todo lo que pudo a Castillo pero que el tema del autogolpe est\u00e1 al margen de la ley y por eso en eso no lo apoy\u00f3. Sobre la represi\u00f3n, y los derechos humanos, desde que salen con piedras pierde el contexto de pac\u00edfico, debieron salir con mayores elwmentos disuasivos como rochabuses al inicio pero ahora con la situaci\u00f3n desbordada, si no se usa la fuerza, esto termina siendo lo que es ahora, una anarqu\u00eda. La gente piensa solo en derechos pero se olvida de sus deberes se olvida que hay leyes. Ojal\u00e1 que esa gente que ha hecho desmanes termine pagando por los destrozos realizados \u00f1, destrozos a propiedad p\u00fablica y privada.",
                "owner": {
                    "id": "407067227",
                    "is_verified": false,
                    "profile_pic_url": "https://instagram.flim8-1.fna.fbcdn.net/v/t51.2885-19/442651826_425419410217576_1679508070996751720_n.jpg?stp=dst-jpg_s150x150&_nc_ht=instagram.flim8-1.fna.fbcdn.net&_nc_cat=104&_nc_ohc=UqiTS7GdCEEQ7kNvgGHUCgi&edm=AMrZAGUBAAAA&ccb=7-5&oh=00_AYBN5GFclzF_G8jkN3TxyShmB_mgBaJVKJVzxJoc1QnC-A&oe=665B59D7&_nc_sid=17eaee",
                    "username": "joanna.mbc"
                },
                "likes_count": 0
            }
        ]
    }
]