[
    {
        "id": "17993871298770667",
        "created_at": 1683770904,
        "text": "@isait_coasaca  mano eres la portada otra vez",
        "owner": {
            "id": "1582027503",
            "is_verified": false,
            "profile_pic_url": "https://instagram.flim9-1.fna.fbcdn.net/v/t51.2885-19/440879296_456776173387977_3979556584100882039_n.jpg?stp=dst-jpg_s150x150&_nc_ht=instagram.flim9-1.fna.fbcdn.net&_nc_cat=109&_nc_ohc=wvSM3iEkrhYQ7kNvgHAVDKS&edm=AMrZAGUBAAAA&ccb=7-5&oh=00_AYCKbw1IOtOCKy4PBZl5VXs1-etwRmiH954AP-JkTMSC6w&oe=665B7545&_nc_sid=17eaee",
            "username": "chevictor.torreslopez"
        },
        "likes_count": 2,
        "answers": [
            {
                "id": 18216841252231424,
                "created_at": 1683821523,
                "text": "@chevictor.torreslopez Mano ya la gente debe estar harta jsjjaja",
                "owner": {
                    "id": "2264986862",
                    "is_verified": false,
                    "profile_pic_url": "https://instagram.flim8-1.fna.fbcdn.net/v/t51.2885-19/434524671_731909939055267_8650403939005914997_n.jpg?stp=dst-jpg_s150x150&_nc_ht=instagram.flim8-1.fna.fbcdn.net&_nc_cat=103&_nc_ohc=LTDFGgviV9MQ7kNvgFLnqCi&edm=AMrZAGUBAAAA&ccb=7-5&oh=00_AYB37n-c01zHIftiwIPxNaYvggwIaVi1Jz3BGU7xL8CXPQ&oe=665B8669&_nc_sid=17eaee",
                    "username": "isait_coasaca"
                },
                "likes_count": 0
            }
        ]
    },
    {
        "id": "18265883290145801",
        "created_at": 1683762347,
        "text": "5/6 supongo que me llegar\u00e1 mi invitaci\u00f3n directa",
        "owner": {
            "id": "4528559172",
            "is_verified": false,
            "profile_pic_url": "https://instagram.flim13-1.fna.fbcdn.net/v/t51.2885-19/439913431_992289798959698_8205345539029724628_n.jpg?stp=dst-jpg_s150x150&_nc_ht=instagram.flim13-1.fna.fbcdn.net&_nc_cat=110&_nc_ohc=JYYf5Wx02eoQ7kNvgGvM-oT&edm=AMrZAGUBAAAA&ccb=7-5&oh=00_AYD1G10avyKXaaleMfXCF_UXEynpLVVJKmziBbewvj6n5g&oe=665B6F37&_nc_sid=17eaee",
            "username": "sergiocuadrosq"
        },
        "likes_count": 1,
        "answers": []
    },
    {
        "id": "17879132900813883",
        "created_at": 1683762239,
        "text": "6/6\ud83d\udd25",
        "owner": {
            "id": "4085012347",
            "is_verified": false,
            "profile_pic_url": "https://instagram.flim9-1.fna.fbcdn.net/v/t51.2885-19/358978319_117379714746090_1112933881044229217_n.jpg?stp=dst-jpg_s150x150&_nc_ht=instagram.flim9-1.fna.fbcdn.net&_nc_cat=106&_nc_ohc=WUETGWYsyZ8Q7kNvgFf65bK&edm=AMrZAGUBAAAA&ccb=7-5&oh=00_AYBLSDZYQwUCdyk1OLxaWwfSZvyMaLCKH8Z4PHfjER5wxg&oe=665B86A5&_nc_sid=17eaee",
            "username": "alessandro_sr22"
        },
        "likes_count": 1,
        "answers": []
    },
    {
        "id": "17984754343909159",
        "created_at": 1683760614,
        "text": "6/6 \ud83d\udc40 @isait_coasaca",
        "owner": {
            "id": "1032766383",
            "is_verified": false,
            "profile_pic_url": "https://instagram.flim13-1.fna.fbcdn.net/v/t51.2885-19/445838637_434140189248205_751741717080393424_n.jpg?stp=dst-jpg_s150x150&_nc_ht=instagram.flim13-1.fna.fbcdn.net&_nc_cat=101&_nc_ohc=ckfW3cfolgwQ7kNvgGwxEOm&edm=AMrZAGUBAAAA&ccb=7-5&oh=00_AYAlxM9z7FLDRZNx5yJJV_Wr5szR6pos_9SmEYnTxer_Wg&oe=665B6586&_nc_sid=17eaee",
            "username": "marcelo.paliza"
        },
        "likes_count": 1,
        "answers": [
            {
                "id": 17993014123800965,
                "created_at": 1683762831,
                "text": "@marcelo.paliza 0/6 Mano \ud83d\ude14",
                "owner": {
                    "id": "2264986862",
                    "is_verified": false,
                    "profile_pic_url": "https://instagram.flim8-1.fna.fbcdn.net/v/t51.2885-19/434524671_731909939055267_8650403939005914997_n.jpg?stp=dst-jpg_s150x150&_nc_ht=instagram.flim8-1.fna.fbcdn.net&_nc_cat=103&_nc_ohc=LTDFGgviV9MQ7kNvgFLnqCi&edm=AMrZAGUBAAAA&ccb=7-5&oh=00_AYB37n-c01zHIftiwIPxNaYvggwIaVi1Jz3BGU7xL8CXPQ&oe=665B8669&_nc_sid=17eaee",
                    "username": "isait_coasaca"
                },
                "likes_count": 0
            }
        ]
    }
]