[
    {
        "id": "17898255284718405",
        "created_at": 1682304687,
        "text": "Gracias \u263a\ufe0f",
        "owner": {
            "id": "1032766383",
            "is_verified": false,
            "profile_pic_url": "https://instagram.flim13-1.fna.fbcdn.net/v/t51.2885-19/445838637_434140189248205_751741717080393424_n.jpg?stp=dst-jpg_s150x150&_nc_ht=instagram.flim13-1.fna.fbcdn.net&_nc_cat=101&_nc_ohc=ckfW3cfolgwQ7kNvgGwxEOm&edm=AMrZAGUBAAAA&ccb=7-5&oh=00_AYAlxM9z7FLDRZNx5yJJV_Wr5szR6pos_9SmEYnTxer_Wg&oe=665B6586&_nc_sid=17eaee",
            "username": "marcelo.paliza"
        },
        "likes_count": 0,
        "answers": []
    },
    {
        "id": "17969362871348684",
        "created_at": 1682303333,
        "text": "Make Econ\u00f3mica Great Again!!",
        "owner": {
            "id": "200692802",
            "is_verified": false,
            "profile_pic_url": "https://instagram.flim9-1.fna.fbcdn.net/v/t51.2885-19/444746903_1098379254552859_1816807378185877694_n.jpg?stp=dst-jpg_s150x150&_nc_ht=instagram.flim9-1.fna.fbcdn.net&_nc_cat=107&_nc_ohc=AAUCHp8yD_sQ7kNvgG386MW&edm=AMrZAGUBAAAA&ccb=7-5&oh=00_AYBokVwsV1pGiBrgFF54ikjP_K8SIKY49UnTcvP0VCwmug&oe=665B7ABD&_nc_sid=17eaee",
            "username": "jlguzman88"
        },
        "likes_count": 0,
        "answers": []
    },
    {
        "id": "17984596340019910",
        "created_at": 1682301486,
        "text": "\ud83d\udc4f\ud83d\udc4f\ud83d\udc4f",
        "owner": {
            "id": "4528559172",
            "is_verified": false,
            "profile_pic_url": "https://instagram.flim13-1.fna.fbcdn.net/v/t51.2885-19/439913431_992289798959698_8205345539029724628_n.jpg?stp=dst-jpg_s150x150&_nc_ht=instagram.flim13-1.fna.fbcdn.net&_nc_cat=110&_nc_ohc=JYYf5Wx02eoQ7kNvgGvM-oT&edm=AMrZAGUBAAAA&ccb=7-5&oh=00_AYD1G10avyKXaaleMfXCF_UXEynpLVVJKmziBbewvj6n5g&oe=665B6F37&_nc_sid=17eaee",
            "username": "sergiocuadrosq"
        },
        "likes_count": 0,
        "answers": []
    }
]