[
    {
        "id": "17983753990973658",
        "created_at": 1684808507,
        "text": "Promote it on @_realityrecords",
        "owner": {
            "id": "58879638995",
            "is_verified": false,
            "profile_pic_url": "https://instagram.flim13-1.fna.fbcdn.net/v/t51.2885-19/348443906_901671247568242_4797113439116040442_n.jpg?stp=dst-jpg_s150x150&_nc_ht=instagram.flim13-1.fna.fbcdn.net&_nc_cat=110&_nc_ohc=PI3gIenwnSgQ7kNvgG_S82N&edm=AMrZAGUBAAAA&ccb=7-5&oh=00_AYDE6-NZjBGGk5WT7CfUFrhI68EGGfSKPAcoeo19ZEOacA&oe=665B81B0&_nc_sid=17eaee",
            "username": "dm_now_21"
        },
        "likes_count": 0,
        "answers": []
    }
]