[
    {
        "id": "18211324534301383",
        "created_at": 1697752363,
        "text": "\ud83d\ude2e\ud83d\ude2e\ud83d\ude2e\ud83d\ude2e",
        "owner": {
            "id": "43922209927",
            "is_verified": false,
            "profile_pic_url": "https://instagram.flim9-1.fna.fbcdn.net/v/t51.2885-19/312139729_616733576827386_8699182799728533941_n.jpg?stp=dst-jpg_s150x150&_nc_ht=instagram.flim9-1.fna.fbcdn.net&_nc_cat=106&_nc_ohc=_AaP-IlyTWoQ7kNvgGHffEZ&edm=AMrZAGUBAAAA&ccb=7-5&oh=00_AYCc06iobiCReWyeyIy4P3Pz-OLP_7K7qIwa3iEF6lFlYw&oe=665B7047&_nc_sid=17eaee",
            "username": "arizzlmynizzls"
        },
        "likes_count": 0,
        "answers": []
    }
]