[
    {
        "id": "18005895766510361",
        "created_at": 1674500190,
        "text": "Estimados, Alex Contreras es el actual ministro del MEF, no David Tuesta.",
        "owner": {
            "id": "188118862",
            "is_verified": false,
            "profile_pic_url": "https://instagram.flim8-1.fna.fbcdn.net/v/t51.2885-19/438782624_945315917302754_3341942392339517858_n.jpg?stp=dst-jpg_s150x150&_nc_ht=instagram.flim8-1.fna.fbcdn.net&_nc_cat=102&_nc_ohc=6mda2h4EfrAQ7kNvgE_e2dj&edm=AMrZAGUBAAAA&ccb=7-5&oh=00_AYDbgENXXy-v8Ad6CQeEEJMhaSbsvBmQPcYioxa-vKm9dQ&oe=665B716C&_nc_sid=17eaee",
            "username": "vicfap"
        },
        "likes_count": 1,
        "answers": [
            {
                "id": 17861250392838411,
                "created_at": 1674521886,
                "text": "@vicfap es cierto. debe haber sido un lapsus \ud83d\ude05 pues fue ministro pero no el actual",
                "owner": {
                    "id": "1444005383",
                    "is_verified": false,
                    "profile_pic_url": "https://instagram.flim8-1.fna.fbcdn.net/v/t51.2885-19/445196754_1136982350976424_8836584005024149017_n.jpg?stp=dst-jpg_s150x150&_nc_ht=instagram.flim8-1.fna.fbcdn.net&_nc_cat=104&_nc_ohc=poVXl_OWLM0Q7kNvgFXB9a3&edm=AMrZAGUBAAAA&ccb=7-5&oh=00_AYCpB0a1aG9Xp7n0Y5IE5FWk4t30hU1r7HNcguTcDqpSdg&oe=665B5BCF&_nc_sid=17eaee",
                    "username": "angieeezzz"
                },
                "likes_count": 1
            }
        ]
    }
]