[
    {
        "id": "18252982696120766",
        "created_at": 1675387399,
        "text": "5/6",
        "owner": {
            "id": "8333476836",
            "is_verified": false,
            "profile_pic_url": "https://instagram.flim9-1.fna.fbcdn.net/v/t51.2885-19/37711950_263664311080963_4146523708602712064_n.jpg?stp=dst-jpg_s150x150&_nc_ht=instagram.flim9-1.fna.fbcdn.net&_nc_cat=107&_nc_ohc=BEaG5TpwkbcQ7kNvgHsb4TV&edm=AMrZAGUBAAAA&ccb=7-5&oh=00_AYD9ntbVfbzF104oDY8GCw4a7oVHsNJ0TlXKXFRzJmnGlQ&oe=665B83A4&_nc_sid=17eaee",
            "username": "ingnico03"
        },
        "likes_count": 0,
        "answers": []
    },
    {
        "id": "17940413924475593",
        "created_at": 1675345789,
        "text": "5/6 viva la c93 (?)",
        "owner": {
            "id": "4528559172",
            "is_verified": false,
            "profile_pic_url": "https://instagram.flim13-1.fna.fbcdn.net/v/t51.2885-19/439913431_992289798959698_8205345539029724628_n.jpg?stp=dst-jpg_s150x150&_nc_ht=instagram.flim13-1.fna.fbcdn.net&_nc_cat=110&_nc_ohc=JYYf5Wx02eoQ7kNvgGvM-oT&edm=AMrZAGUBAAAA&ccb=7-5&oh=00_AYD1G10avyKXaaleMfXCF_UXEynpLVVJKmziBbewvj6n5g&oe=665B6F37&_nc_sid=17eaee",
            "username": "sergiocuadrosq"
        },
        "likes_count": 0,
        "answers": []
    },
    {
        "id": "17975201045000793",
        "created_at": 1675308530,
        "text": "5/6\ud83d\ude05",
        "owner": {
            "id": "1444005383",
            "is_verified": false,
            "profile_pic_url": "https://instagram.flim8-1.fna.fbcdn.net/v/t51.2885-19/445196754_1136982350976424_8836584005024149017_n.jpg?stp=dst-jpg_s150x150&_nc_ht=instagram.flim8-1.fna.fbcdn.net&_nc_cat=104&_nc_ohc=poVXl_OWLM0Q7kNvgFXB9a3&edm=AMrZAGUBAAAA&ccb=7-5&oh=00_AYCpB0a1aG9Xp7n0Y5IE5FWk4t30hU1r7HNcguTcDqpSdg&oe=665B5BCF&_nc_sid=17eaee",
            "username": "angieeezzz"
        },
        "likes_count": 2,
        "answers": []
    }
]