[
    {
        "id": "18030082180660168",
        "created_at": 1699653738,
        "text": "\u00a1 EXCELENTE  MENSAJE . ..BENDICIONES  \u00c9XITOS  PARA  TU DIEGO  FELICIDADES !!",
        "owner": {
            "id": "12491619410",
            "is_verified": false,
            "profile_pic_url": "https://scontent-iad3-2.cdninstagram.com/v/t51.2885-19/44884218_345707102882519_2446069589734326272_n.jpg?_nc_ht=scontent-iad3-2.cdninstagram.com&_nc_cat=1&_nc_ohc=hzidlFdfQAUQ7kNvgEbLhNF&edm=AL4D0a4BAAAA&ccb=7-5&ig_cache_key=YW5vbnltb3VzX3Byb2ZpbGVfcGlj.2-ccb7-5&oh=00_AYB51Qwv-jQbXWYvpv6H3GcWSM4xjbWMQAqt8hzegwS1zg&oe=665B650F&_nc_sid=9e8221",
            "username": "rosaarias52"
        },
        "likes_count": 0,
        "answers": []
    },
    {
        "id": "18389550754034774",
        "created_at": 1697852894,
        "text": "Me encanto y me brinda gran informaci\u00f3n.",
        "owner": {
            "id": "1506603163",
            "is_verified": false,
            "profile_pic_url": "https://instagram.flim9-1.fna.fbcdn.net/v/t51.2885-19/237365858_1480694045613151_3440761595960702324_n.jpg?stp=dst-jpg_s150x150&_nc_ht=instagram.flim9-1.fna.fbcdn.net&_nc_cat=107&_nc_ohc=iE2sWzhgAo8Q7kNvgH4vUwM&edm=AMrZAGUBAAAA&ccb=7-5&oh=00_AYBUuSbxYjkIN5Tr4XkF6TKzbAN9qSr8mv5UsM_gqvtxQA&oe=665B6E81&_nc_sid=17eaee",
            "username": "pilar.velaacosta"
        },
        "likes_count": 0,
        "answers": []
    },
    {
        "id": "18010667248987194",
        "created_at": 1697660585,
        "text": "@sebas.vela99 un capo. \ud83d\udd25",
        "owner": {
            "id": "198616762",
            "is_verified": false,
            "profile_pic_url": "https://instagram.flim13-1.fna.fbcdn.net/v/t51.2885-19/436312252_3780048838919441_854682160630205350_n.jpg?stp=dst-jpg_s150x150&_nc_ht=instagram.flim13-1.fna.fbcdn.net&_nc_cat=105&_nc_ohc=PX6QO5900mYQ7kNvgH-NGy8&edm=AMrZAGUBAAAA&ccb=7-5&oh=00_AYBDOmu3JOOVv2Kmu5tSBF6IN8_ARJddvks2mHc2ck2KJg&oe=665B80AA&_nc_sid=17eaee",
            "username": "samteea"
        },
        "likes_count": 1,
        "answers": []
    },
    {
        "id": "17981850524591299",
        "created_at": 1697654812,
        "text": "\ud83d\udd25\ud83d\udd25",
        "owner": {
            "id": "727954488",
            "is_verified": false,
            "profile_pic_url": "https://instagram.flim8-1.fna.fbcdn.net/v/t51.2885-19/435586116_1501766627134947_6916916339340261869_n.jpg?stp=dst-jpg_s150x150&_nc_ht=instagram.flim8-1.fna.fbcdn.net&_nc_cat=103&_nc_ohc=hPgxZ0ZK468Q7kNvgEmFbyp&edm=AMrZAGUBAAAA&ccb=7-5&oh=00_AYDyphUDprilhZz2jSHiOvJrqKw-H8-50mw1mSlY8Pj0jw&oe=665B5C09&_nc_sid=17eaee",
            "username": "alearannda16"
        },
        "likes_count": 0,
        "answers": []
    },
    {
        "id": "17853587505032780",
        "created_at": 1697634429,
        "text": "\ud83d\ude3b",
        "owner": {
            "id": "288789125",
            "is_verified": false,
            "profile_pic_url": "https://instagram.flim9-1.fna.fbcdn.net/v/t51.2885-19/443889548_1171939207139949_1220506722195771448_n.jpg?stp=dst-jpg_s150x150&_nc_ht=instagram.flim9-1.fna.fbcdn.net&_nc_cat=109&_nc_ohc=Buw-dzSoj5AQ7kNvgH53Fbv&edm=AMrZAGUBAAAA&ccb=7-5&oh=00_AYA7MGizI95QqEWZ3tfba5YU1pq5bWyqORMRMd9CfNedAw&oe=665B854C&_nc_sid=17eaee",
            "username": "kevchup_vxt"
        },
        "likes_count": 0,
        "answers": []
    },
    {
        "id": "18090791527344664",
        "created_at": 1697605258,
        "text": "@alearannda16 lo mejorcito \u2764\ufe0f",
        "owner": {
            "id": "458452091",
            "is_verified": false,
            "profile_pic_url": "https://instagram.flim8-1.fna.fbcdn.net/v/t51.2885-19/420034975_2063567430665716_3704145338517899546_n.jpg?stp=dst-jpg_s150x150&_nc_ht=instagram.flim8-1.fna.fbcdn.net&_nc_cat=104&_nc_ohc=Bt2NVoBuxD0Q7kNvgEsvxUZ&edm=AMrZAGUBAAAA&ccb=7-5&oh=00_AYDQydNUu15jguJ21TF6FgIyHbr8lkUGfSjp4SbjPZ9sbw&oe=665B6083&_nc_sid=17eaee",
            "username": "renzo_palomino"
        },
        "likes_count": 1,
        "answers": []
    },
    {
        "id": "17887076675935435",
        "created_at": 1697601200,
        "text": "@sebas.vela99 I'm proud of you",
        "owner": {
            "id": "54641772457",
            "is_verified": false,
            "profile_pic_url": "https://instagram.flim13-1.fna.fbcdn.net/v/t51.2885-19/348277645_323935849980289_8075640555448391619_n.jpg?stp=dst-jpg_s150x150&_nc_ht=instagram.flim13-1.fna.fbcdn.net&_nc_cat=101&_nc_ohc=cr5XKtmAO78Q7kNvgHrUm97&edm=AMrZAGUBAAAA&ccb=7-5&oh=00_AYDaIzR2mi7l7HkURdoZU-pl1tpLesEgnVmqWxuwmaKlVQ&oe=665B77CE&_nc_sid=17eaee",
            "username": "onion.kevin"
        },
        "likes_count": 1,
        "answers": []
    },
    {
        "id": "17954218745565144",
        "created_at": 1697599442,
        "text": "\ud83d\udd25\ud83d\udd25\ud83d\udc4f",
        "owner": {
            "id": "1067076206",
            "is_verified": false,
            "profile_pic_url": "https://instagram.flim9-1.fna.fbcdn.net/v/t51.2885-19/340982285_628463912506062_4523137513876869814_n.jpg?stp=dst-jpg_s150x150&_nc_ht=instagram.flim9-1.fna.fbcdn.net&_nc_cat=106&_nc_ohc=jEmIzO1mvt8Q7kNvgFnSy0T&edm=AMrZAGUBAAAA&ccb=7-5&oh=00_AYBOHRUFNuzd7axAEJ33yN-YQD_GW6q6U56ZNLlpJEBzqQ&oe=665B8335&_nc_sid=17eaee",
            "username": "brenda_smng"
        },
        "likes_count": 0,
        "answers": []
    },
    {
        "id": "18063609898445270",
        "created_at": 1697599129,
        "text": "Qu\u00e9 grande la revista Econ\u00f3mica con una excelente calidad de noticias",
        "owner": {
            "id": "4856414635",
            "is_verified": false,
            "profile_pic_url": "https://instagram.flim13-1.fna.fbcdn.net/v/t51.2885-19/365008869_293549180020342_7828305708959774910_n.jpg?stp=dst-jpg_s150x150&_nc_ht=instagram.flim13-1.fna.fbcdn.net&_nc_cat=110&_nc_ohc=ahmRofT5hxgQ7kNvgFtPiPp&edm=AMrZAGUBAAAA&ccb=7-5&oh=00_AYA-TdqEORDgyMAetrRWdwGQ5PYrGcXXzOTXicVqwK7RiQ&oe=665B7B84&_nc_sid=17eaee",
            "username": "max_rach"
        },
        "likes_count": 1,
        "answers": []
    },
    {
        "id": "18000801131171739",
        "created_at": 1697598264,
        "text": "Super interesante! \u2728 La revista Econ\u00f3mica siempre al d\u00eda en todo\ud83d\udc9a",
        "owner": {
            "id": "5520160856",
            "is_verified": false,
            "profile_pic_url": "https://instagram.flim8-1.fna.fbcdn.net/v/t51.2885-19/384607040_305265178798404_555312937077658891_n.jpg?stp=dst-jpg_s150x150&_nc_ht=instagram.flim8-1.fna.fbcdn.net&_nc_cat=100&_nc_ohc=CqDG5-H8F7AQ7kNvgFIXbKx&edm=AMrZAGUBAAAA&ccb=7-5&oh=00_AYC_e0Vy1bxnkszOeNx8LIU01gp1KzbToYia9xuVBYPr2A&oe=665B7980&_nc_sid=17eaee",
            "username": "mili_27.01"
        },
        "likes_count": 1,
        "answers": []
    },
    {
        "id": "17889893480924183",
        "created_at": 1697596050,
        "text": "\ud83d\udd25\ud83d\udd25\ud83d\udd25",
        "owner": {
            "id": "50079371258",
            "is_verified": false,
            "profile_pic_url": "https://instagram.flim9-1.fna.fbcdn.net/v/t51.2885-19/436658100_345169365220583_1733657495030610992_n.jpg?stp=dst-jpg_s150x150&_nc_ht=instagram.flim9-1.fna.fbcdn.net&_nc_cat=111&_nc_ohc=Zx-s0bsOPVwQ7kNvgG3K-5V&edm=AMrZAGUBAAAA&ccb=7-5&oh=00_AYBr7EaMLNhpcsJ-7bC0QV_Eaf4GGvIZ9rzImamq-muysA&oe=665B8257&_nc_sid=17eaee",
            "username": "onelmendoza13"
        },
        "likes_count": 0,
        "answers": []
    },
    {
        "id": "18016930741889874",
        "created_at": 1697596036,
        "text": "Incre\u00edble!! Cracks \ud83d\udd25\ud83d\udd25\ud83d\udd25",
        "owner": {
            "id": "1527810991",
            "is_verified": false,
            "profile_pic_url": "https://instagram.flim8-1.fna.fbcdn.net/v/t51.2885-19/241381914_359389912582084_7150243907029772040_n.jpg?stp=dst-jpg_s150x150&_nc_ht=instagram.flim8-1.fna.fbcdn.net&_nc_cat=104&_nc_ohc=vCxVJK0J83YQ7kNvgHkCoWv&edm=AMrZAGUBAAAA&ccb=7-5&oh=00_AYADcAU9yupxNGOn0beY3golBXkazNWI5ZFjhX5-SNxPsw&oe=665B6FEE&_nc_sid=17eaee",
            "username": "lnoemi_araujol"
        },
        "likes_count": 1,
        "answers": []
    },
    {
        "id": "18036989149575853",
        "created_at": 1697594935,
        "text": "\u00c1rea de Finanzas \ud83d\udcaf\ud83d\udd25",
        "owner": {
            "id": "9774251350",
            "is_verified": false,
            "profile_pic_url": "https://instagram.flim13-1.fna.fbcdn.net/v/t51.2885-19/332394139_117207317822194_3176719351206538515_n.jpg?stp=dst-jpg_s150x150&_nc_ht=instagram.flim13-1.fna.fbcdn.net&_nc_cat=110&_nc_ohc=a_iM91O3Q_EQ7kNvgFIwhHg&edm=AMrZAGUBAAAA&ccb=7-5&oh=00_AYAHUzYmtBUS1svY0qKgRXprOyTDVXEMxMSsQPsIS-eBvw&oe=665B7023&_nc_sid=17eaee",
            "username": "s4r4ntu4n3"
        },
        "likes_count": 0,
        "answers": []
    },
    {
        "id": "17934771053753456",
        "created_at": 1697594076,
        "text": "\ud83d\ude4c\ud83d\udc9a",
        "owner": {
            "id": "1644625469",
            "is_verified": false,
            "profile_pic_url": "https://instagram.flim9-1.fna.fbcdn.net/v/t51.2885-19/442447215_434617159211994_8006832903808794857_n.jpg?stp=dst-jpg_s150x150&_nc_ht=instagram.flim9-1.fna.fbcdn.net&_nc_cat=106&_nc_ohc=uThYL66vWsAQ7kNvgGQAGk1&edm=AMrZAGUBAAAA&ccb=7-5&oh=00_AYBmX3MkA4rd3sVz5haRa-TYqScLJRZnJfLMwO32c0RwPw&oe=665B5B11&_nc_sid=17eaee",
            "username": "jossalbornoz"
        },
        "likes_count": 0,
        "answers": []
    },
    {
        "id": "17953901948569148",
        "created_at": 1697593764,
        "text": "realmente novedosoooo",
        "owner": {
            "id": "52173855187",
            "is_verified": false,
            "profile_pic_url": "https://instagram.flim9-1.fna.fbcdn.net/v/t51.2885-19/275712500_697484637942357_1745183308055326921_n.jpg?stp=dst-jpg_s150x150&_nc_ht=instagram.flim9-1.fna.fbcdn.net&_nc_cat=109&_nc_ohc=XjL2RjqYHc8Q7kNvgHhZSQr&edm=AMrZAGUBAAAA&ccb=7-5&oh=00_AYBEbQE_06gpmWEbPAIrD9ZqVoODoM_6weMxmWcgBDsriQ&oe=665B62E1&_nc_sid=17eaee",
            "username": "dayhanne91"
        },
        "likes_count": 0,
        "answers": []
    },
    {
        "id": "17989003190191147",
        "created_at": 1697593607,
        "text": "Gran info \ud83d\ude4c\ud83c\udffc\u2728\ufe0f\ud83d\udc9a",
        "owner": {
            "id": "2955253917",
            "is_verified": false,
            "profile_pic_url": "https://instagram.flim13-1.fna.fbcdn.net/v/t51.2885-19/434044610_414862737758996_3543528069084485931_n.jpg?stp=dst-jpg_s150x150&_nc_ht=instagram.flim13-1.fna.fbcdn.net&_nc_cat=108&_nc_ohc=vG2Lu_QJrtkQ7kNvgE2diRS&edm=AMrZAGUBAAAA&ccb=7-5&oh=00_AYBf6wy8AHRt8yA73BZEnjkdSFdQQFgLWGforESakhGikg&oe=665B7EE2&_nc_sid=17eaee",
            "username": "itscarillanos"
        },
        "likes_count": 1,
        "answers": []
    },
    {
        "id": "18004022467900243",
        "created_at": 1697593522,
        "text": "\ud83d\udd25",
        "owner": {
            "id": "1765871918",
            "is_verified": false,
            "profile_pic_url": "https://instagram.flim9-1.fna.fbcdn.net/v/t51.2885-19/433396061_2437339649790935_3594293475202702313_n.jpg?stp=dst-jpg_s150x150&_nc_ht=instagram.flim9-1.fna.fbcdn.net&_nc_cat=111&_nc_ohc=LFygXnZifqsQ7kNvgHTzfcK&edm=AMrZAGUBAAAA&ccb=7-5&oh=00_AYAv4uc0VAT70rzESkgSoZKlVya_6KtHGwkG_nYOvwVKWA&oe=665B65D0&_nc_sid=17eaee",
            "username": "sergiobalcas"
        },
        "likes_count": 0,
        "answers": []
    }
]