[
    {
        "id": "17999829667613962",
        "created_at": 1675306603,
        "text": "Un \ud83d\udc4f para las personas que son capaces de decir aca estoy y no me gusta  esta situacion",
        "owner": {
            "id": "13069063626",
            "is_verified": false,
            "profile_pic_url": "https://instagram.flim8-1.fna.fbcdn.net/v/t51.2885-19/339709200_767797157970360_8516779865878054937_n.jpg?stp=dst-jpg_s150x150&_nc_ht=instagram.flim8-1.fna.fbcdn.net&_nc_cat=100&_nc_ohc=i6Yr9jQleToQ7kNvgF7oVBd&edm=AMrZAGUBAAAA&ccb=7-5&oh=00_AYCkNG9-OPpFkKxi027-4ph_Prmp1i4tXqXC6teH1D9PFg&oe=665B61A9&_nc_sid=17eaee",
            "username": "alan.pena.773"
        },
        "likes_count": 0,
        "answers": []
    },
    {
        "id": "17961877211257913",
        "created_at": 1675225343,
        "text": "y \u00bfc\u00f3mo as\u00ed nunca hemos formado un cartel con Chile? \u00bfWaldo se equivoc\u00f3 y no somos una econom\u00eda tan chica, movemos al mundo? \ud83e\udd28 \u00bf10% menos puede matar al mundo?",
        "owner": {
            "id": "10505706402",
            "is_verified": false,
            "profile_pic_url": "https://instagram.flim9-1.fna.fbcdn.net/v/t51.2885-19/49748621_347970919143151_101016591419834368_n.jpg?stp=dst-jpg_s150x150&_nc_ht=instagram.flim9-1.fna.fbcdn.net&_nc_cat=107&_nc_ohc=qK8jQ4mlNCAQ7kNvgGEEhik&edm=AMrZAGUBAAAA&ccb=7-5&oh=00_AYAzFwJcwp0Fue2epG6mSHCHwbCHRRlRYydMgO7jreeEig&oe=665B7723&_nc_sid=17eaee",
            "username": "celulallalalalla"
        },
        "likes_count": 0,
        "answers": []
    },
    {
        "id": "17968592447129652",
        "created_at": 1675203951,
        "text": "\ud83d\udd25\ud83d\udd25\ud83d\udd25\ud83d\udd25\ud83d\udd25",
        "owner": {
            "id": "3562294012",
            "is_verified": false,
            "profile_pic_url": "https://instagram.flim9-1.fna.fbcdn.net/v/t51.2885-19/292982968_3132330026984469_5656813754613636532_n.jpg?stp=dst-jpg_s150x150&_nc_ht=instagram.flim9-1.fna.fbcdn.net&_nc_cat=109&_nc_ohc=ULkkQbSrRxAQ7kNvgFOT6NM&edm=AMrZAGUBAAAA&ccb=7-5&oh=00_AYATRlfaC--MoAFV35OYDVj84kabi_8d5fehPIqADc7bVQ&oe=665B77C3&_nc_sid=17eaee",
            "username": "diazyanella"
        },
        "likes_count": 0,
        "answers": []
    }
]