[
    {
        "id": "18019070764745504",
        "created_at": 1695572312,
        "text": "Cracks!\ud83d\ude4c",
        "owner": {
            "id": "463809649",
            "is_verified": false,
            "profile_pic_url": "https://instagram.flim9-1.fna.fbcdn.net/v/t51.2885-19/438664780_1257657651673163_4934183139128514366_n.jpg?stp=dst-jpg_s150x150&_nc_ht=instagram.flim9-1.fna.fbcdn.net&_nc_cat=111&_nc_ohc=P3dcAeEOKyMQ7kNvgEfliMd&edm=AMrZAGUBAAAA&ccb=7-5&oh=00_AYBH0UNhJu4CbWgacfjK7nPmjdZcUB00bmExzIAP63VtLA&oe=665B8E13&_nc_sid=17eaee",
            "username": "fiouavila"
        },
        "likes_count": 0,
        "answers": []
    },
    {
        "id": "18095155744361652",
        "created_at": 1695535585,
        "text": "Crack @guayasamin.oscco \ud83d\udd25",
        "owner": {
            "id": "5944852818",
            "is_verified": false,
            "profile_pic_url": "https://instagram.flim9-1.fna.fbcdn.net/v/t51.2885-19/228798220_961369424658666_8855693083237184094_n.jpg?stp=dst-jpg_s150x150&_nc_ht=instagram.flim9-1.fna.fbcdn.net&_nc_cat=106&_nc_ohc=mkHL-lMyqx8Q7kNvgGmIl6A&edm=AMrZAGUBAAAA&ccb=7-5&oh=00_AYCnvf4IrJaQik5LFm1xL3ze5kuwlE07elfsjKEtEhOZ2g&oe=665B6E13&_nc_sid=17eaee",
            "username": "kelly.parixd"
        },
        "likes_count": 1,
        "answers": []
    },
    {
        "id": "18388365865044031",
        "created_at": 1695535573,
        "text": "Gaaaaa",
        "owner": {
            "id": "5944852818",
            "is_verified": false,
            "profile_pic_url": "https://instagram.flim9-1.fna.fbcdn.net/v/t51.2885-19/228798220_961369424658666_8855693083237184094_n.jpg?stp=dst-jpg_s150x150&_nc_ht=instagram.flim9-1.fna.fbcdn.net&_nc_cat=106&_nc_ohc=mkHL-lMyqx8Q7kNvgGmIl6A&edm=AMrZAGUBAAAA&ccb=7-5&oh=00_AYCnvf4IrJaQik5LFm1xL3ze5kuwlE07elfsjKEtEhOZ2g&oe=665B6E13&_nc_sid=17eaee",
            "username": "kelly.parixd"
        },
        "likes_count": 1,
        "answers": []
    },
    {
        "id": "18159960121288417",
        "created_at": 1695520958,
        "text": "Definitivamente guayaste @guayasamin.oscco \ud83d\udd25",
        "owner": {
            "id": "5539187932",
            "is_verified": false,
            "profile_pic_url": "https://instagram.flim8-1.fna.fbcdn.net/v/t51.2885-19/441389028_1534197197144304_7886020489252606062_n.jpg?stp=dst-jpg_s150x150&_nc_ht=instagram.flim8-1.fna.fbcdn.net&_nc_cat=100&_nc_ohc=8Wb-zHhs_hkQ7kNvgHbL8TR&edm=AMrZAGUBAAAA&ccb=7-5&oh=00_AYB4cZROiLreLMnMZ1jbQHb5axHvwJ2bvXx42ESBqDVzXA&oe=665B8CB5&_nc_sid=17eaee",
            "username": "luzzhazz"
        },
        "likes_count": 5,
        "answers": []
    },
    {
        "id": "17990733878105076",
        "created_at": 1695520813,
        "text": "Que crack @guayasamin.oscco \ud83d\udc31",
        "owner": {
            "id": "13211226760",
            "is_verified": false,
            "profile_pic_url": "https://instagram.flim9-1.fna.fbcdn.net/v/t51.2885-19/437989846_445267178070969_2599771690808720316_n.jpg?stp=dst-jpg_s150x150&_nc_ht=instagram.flim9-1.fna.fbcdn.net&_nc_cat=109&_nc_ohc=A6s_49W-lQUQ7kNvgHOogZ8&edm=AMrZAGUBAAAA&ccb=7-5&oh=00_AYAFbU41heiRA-8yaI8R-1lfL4Std48jaZdHxNsrPWTVog&oe=665B8D2D&_nc_sid=17eaee",
            "username": "rosariov.01"
        },
        "likes_count": 2,
        "answers": []
    },
    {
        "id": "18038453692538993",
        "created_at": 1695519741,
        "text": "\ud83d\ude4c\ud83c\udffc\ud83d\ude4c\ud83c\udffc\ud83d\ude4c\ud83c\udffc\ud83d\ude4c\ud83c\udffc",
        "owner": {
            "id": "5710038303",
            "is_verified": false,
            "profile_pic_url": "https://scontent-cgk1-2.cdninstagram.com/v/t51.2885-19/44884218_345707102882519_2446069589734326272_n.jpg?_nc_ht=scontent-cgk1-2.cdninstagram.com&_nc_cat=1&_nc_ohc=hzidlFdfQAUQ7kNvgEieG7h&edm=AA0lj5EBAAAA&ccb=7-5&ig_cache_key=YW5vbnltb3VzX3Byb2ZpbGVfcGlj.2-ccb7-5&oh=00_AYD6YweuFbNae6x10SmxBcxeQLinzEEN_z4dqalC9eb26A&oe=665B650F&_nc_sid=0a490e",
            "username": "gaby_palaco_"
        },
        "likes_count": 1,
        "answers": []
    },
    {
        "id": "17889539348913176",
        "created_at": 1695519385,
        "text": "Me encantaaa \ud83e\udef6\ud83e\udef6\ud83d\udc4f",
        "owner": {
            "id": "1644625469",
            "is_verified": false,
            "profile_pic_url": "https://instagram.flim9-1.fna.fbcdn.net/v/t51.2885-19/442447215_434617159211994_8006832903808794857_n.jpg?stp=dst-jpg_s150x150&_nc_ht=instagram.flim9-1.fna.fbcdn.net&_nc_cat=106&_nc_ohc=uThYL66vWsAQ7kNvgGQAGk1&edm=AMrZAGUBAAAA&ccb=7-5&oh=00_AYBmX3MkA4rd3sVz5haRa-TYqScLJRZnJfLMwO32c0RwPw&oe=665B5B11&_nc_sid=17eaee",
            "username": "jossalbornoz"
        },
        "likes_count": 2,
        "answers": []
    }
]