[
    {
        "id": "18053552347449583",
        "created_at": 1698585878,
        "text": "Super interesanteee \ud83d\ude4c",
        "owner": {
            "id": "9774251350",
            "is_verified": false,
            "profile_pic_url": "https://instagram.flim13-1.fna.fbcdn.net/v/t51.2885-19/332394139_117207317822194_3176719351206538515_n.jpg?stp=dst-jpg_s150x150&_nc_ht=instagram.flim13-1.fna.fbcdn.net&_nc_cat=110&_nc_ohc=a_iM91O3Q_EQ7kNvgFIwhHg&edm=AMrZAGUBAAAA&ccb=7-5&oh=00_AYAHUzYmtBUS1svY0qKgRXprOyTDVXEMxMSsQPsIS-eBvw&oe=665B7023&_nc_sid=17eaee",
            "username": "s4r4ntu4n3"
        },
        "likes_count": 0,
        "answers": []
    },
    {
        "id": "17933019764664673",
        "created_at": 1698550175,
        "text": "Hay guaya, hay like \ud83d\ude4f\ud83d\udc9c",
        "owner": {
            "id": "1512810925",
            "is_verified": false,
            "profile_pic_url": "https://instagram.flim9-1.fna.fbcdn.net/v/t51.2885-19/418363377_749828379947419_882225447328560549_n.jpg?stp=dst-jpg_s150x150&_nc_ht=instagram.flim9-1.fna.fbcdn.net&_nc_cat=107&_nc_ohc=dnh2muTCayIQ7kNvgERrqm1&edm=AMrZAGUBAAAA&ccb=7-5&oh=00_AYCL34Mdrgq3NWq1fWhXYx6Kw1SXZ88e-yW2sbMPwBPtTQ&oe=665B7E15&_nc_sid=17eaee",
            "username": "fiorella649"
        },
        "likes_count": 3,
        "answers": [
            {
                "id": 18008082527010548,
                "created_at": 1698605469,
                "text": "@fiorella649  #guayafans \ud83d\udd25",
                "owner": {
                    "id": "1644625469",
                    "is_verified": false,
                    "profile_pic_url": "https://instagram.flim9-1.fna.fbcdn.net/v/t51.2885-19/442447215_434617159211994_8006832903808794857_n.jpg?stp=dst-jpg_s150x150&_nc_ht=instagram.flim9-1.fna.fbcdn.net&_nc_cat=106&_nc_ohc=uThYL66vWsAQ7kNvgGQAGk1&edm=AMrZAGUBAAAA&ccb=7-5&oh=00_AYBmX3MkA4rd3sVz5haRa-TYqScLJRZnJfLMwO32c0RwPw&oe=665B5B11&_nc_sid=17eaee",
                    "username": "jossalbornoz"
                },
                "likes_count": 2
            }
        ]
    },
    {
        "id": "17978421353542527",
        "created_at": 1698545475,
        "text": "Que buen contenido \ud83d\udc9c\ud83c\udf89",
        "owner": {
            "id": "13211226760",
            "is_verified": false,
            "profile_pic_url": "https://instagram.flim9-1.fna.fbcdn.net/v/t51.2885-19/437989846_445267178070969_2599771690808720316_n.jpg?stp=dst-jpg_s150x150&_nc_ht=instagram.flim9-1.fna.fbcdn.net&_nc_cat=109&_nc_ohc=A6s_49W-lQUQ7kNvgHOogZ8&edm=AMrZAGUBAAAA&ccb=7-5&oh=00_AYAFbU41heiRA-8yaI8R-1lfL4Std48jaZdHxNsrPWTVog&oe=665B8D2D&_nc_sid=17eaee",
            "username": "rosariov.01"
        },
        "likes_count": 2,
        "answers": []
    },
    {
        "id": "17941783700727090",
        "created_at": 1698543660,
        "text": "\ud83d\udc1f",
        "owner": {
            "id": "3690250965",
            "is_verified": false,
            "profile_pic_url": "https://instagram.flim9-1.fna.fbcdn.net/v/t51.2885-19/318827349_874812690310219_275785751869036660_n.jpg?stp=dst-jpg_s150x150&_nc_ht=instagram.flim9-1.fna.fbcdn.net&_nc_cat=107&_nc_ohc=ifvtuc1UQe0Q7kNvgFJ6c6q&edm=AMrZAGUBAAAA&ccb=7-5&oh=00_AYBS7dRUMHDRMgSqfKq-bUIQo7Mjzx1Drn9jGPPV2sXeoA&oe=665B628C&_nc_sid=17eaee",
            "username": "guayasamin.oscco"
        },
        "likes_count": 4,
        "answers": [
            {
                "id": 18043601332534031,
                "created_at": 1698543818,
                "text": "@guayasamin.oscco \ud83d\ude4c\ud83d\ude4c\ud83d\ude4c",
                "owner": {
                    "id": "57334241807",
                    "is_verified": false,
                    "profile_pic_url": "https://instagram.flim9-1.fna.fbcdn.net/v/t51.2885-19/427606843_1394842104725409_3326698732394321014_n.jpg?stp=dst-jpg_s150x150&_nc_ht=instagram.flim9-1.fna.fbcdn.net&_nc_cat=109&_nc_ohc=j2i_0OP9C54Q7kNvgGcP2xQ&edm=AMrZAGUBAAAA&ccb=7-5&oh=00_AYAtfYyXoEkEgrAX2LequV4zJ0i5BS3WlAT5KTo1yUICcA&oe=665B5832&_nc_sid=17eaee",
                    "username": "seiangeles"
                },
                "likes_count": 0
            }
        ]
    }
]