[
    {
        "id": "17885246012880434",
        "created_at": 1689816490,
        "text": "6",
        "owner": {
            "id": "5929398939",
            "is_verified": false,
            "profile_pic_url": "https://instagram.flim8-1.fna.fbcdn.net/v/t51.2885-19/320402413_1341703066564683_6139510506727912488_n.jpg?stp=dst-jpg_s150x150&_nc_ht=instagram.flim8-1.fna.fbcdn.net&_nc_cat=103&_nc_ohc=7QN3jnyTg6kQ7kNvgGs-Xso&edm=AMrZAGUBAAAA&ccb=7-5&oh=00_AYBAUn0o-TVrF-sfpAcjO5Nri_iLOeNcNfJuJ7DlrBCoPw&oe=665B7887&_nc_sid=17eaee",
            "username": "daniel.panaifo"
        },
        "likes_count": 0,
        "answers": []
    }
]