[
    {
        "id": "17984575280292098",
        "created_at": 1698374221,
        "text": "Concuerdo con @alexandermax7117 , excelente informe",
        "owner": {
            "id": "18416111382",
            "is_verified": false,
            "profile_pic_url": "https://instagram.flim13-1.fna.fbcdn.net/v/t51.2885-19/352275383_643296440996204_9021348937099362565_n.jpg?stp=dst-jpg_s150x150&_nc_ht=instagram.flim13-1.fna.fbcdn.net&_nc_cat=108&_nc_ohc=vMK-EegiPkkQ7kNvgHXr2I9&edm=AMrZAGUBAAAA&ccb=7-5&oh=00_AYAIqRPjTj5HJNholVufny_Z1YrzfJNSqE6RitN9tRoOnw&oe=665B85B6&_nc_sid=17eaee",
            "username": "sebas.vela99"
        },
        "likes_count": 0,
        "answers": []
    },
    {
        "id": "17988612533197561",
        "created_at": 1698360520,
        "text": "As\u00ed se hace!",
        "owner": {
            "id": "7916047728",
            "is_verified": false,
            "profile_pic_url": "https://instagram.flim13-1.fna.fbcdn.net/v/t51.2885-19/416540225_734635961598118_2189072817044514378_n.jpg?stp=dst-jpg_s150x150&_nc_ht=instagram.flim13-1.fna.fbcdn.net&_nc_cat=110&_nc_ohc=NlvLek6eqYgQ7kNvgE9SDOX&edm=AMrZAGUBAAAA&ccb=7-5&oh=00_AYDRSn7tlilWnZIPMF8N_ls_1FSksvuTFLUlObv8VFzBrQ&oe=665B7EA0&_nc_sid=17eaee",
            "username": "econ.emanuel"
        },
        "likes_count": 0,
        "answers": []
    },
    {
        "id": "18020082589831731",
        "created_at": 1698358893,
        "text": "Fue una reacci\u00f3n tard\u00eda, pero incluso sin aceptar la recesi\u00f3n ya se habian desplegado paquetes de reactivaci\u00f3n, aceptarlo un mes antes o un mes despu\u00e9s no tendr\u00eda tanta diferencia, la politica fisca ya estaba en posici\u00f3n contrac\u00edclica. El verdadero reto es la ca\u00edda de ingresos p\u00fablicos que no permite margen para una reacci\u00f3n mayor.",
        "owner": {
            "id": "6922267723",
            "is_verified": false,
            "profile_pic_url": "https://instagram.flim13-1.fna.fbcdn.net/v/t51.2885-19/397519909_6662401637210969_7747799890927281962_n.jpg?stp=dst-jpg_s150x150&_nc_ht=instagram.flim13-1.fna.fbcdn.net&_nc_cat=105&_nc_ohc=EKpbHR8h-JYQ7kNvgHMaCj2&edm=AMrZAGUBAAAA&ccb=7-5&oh=00_AYCM1BBi5i0Wb4D2d3MHdg1i3-oC6FcbZd4JE-w_OD2E8Q&oe=665B5C42&_nc_sid=17eaee",
            "username": "alexandermax7117"
        },
        "likes_count": 1,
        "answers": []
    },
    {
        "id": "17968059290633647",
        "created_at": 1698355752,
        "text": "Excelente an\u00e1lisis \ud83d\udd1d\ud83d\udd1d\ud83d\udd1d",
        "owner": {
            "id": "1821452754",
            "is_verified": false,
            "profile_pic_url": "https://instagram.flim8-1.fna.fbcdn.net/v/t51.2885-19/365504793_959781291797796_97545069228446077_n.jpg?stp=dst-jpg_s150x150&_nc_ht=instagram.flim8-1.fna.fbcdn.net&_nc_cat=100&_nc_ohc=Urocg-lM7OQQ7kNvgHHQIaF&edm=AMrZAGUBAAAA&ccb=7-5&oh=00_AYB-TqjsocT_WJYdxQj3h8qNblN4vVuiEabOAOuzxZ8nNA&oe=665B8AAB&_nc_sid=17eaee",
            "username": "hamenller_neira"
        },
        "likes_count": 2,
        "answers": []
    },
    {
        "id": "18359199397072689",
        "created_at": 1698355369,
        "text": "\ud83d\udc4f\ud83d\udc4f\ud83d\udc4f\ud83d\udc4f\ud83d\udc4f",
        "owner": {
            "id": "43922209927",
            "is_verified": false,
            "profile_pic_url": "https://instagram.flim9-1.fna.fbcdn.net/v/t51.2885-19/312139729_616733576827386_8699182799728533941_n.jpg?stp=dst-jpg_s150x150&_nc_ht=instagram.flim9-1.fna.fbcdn.net&_nc_cat=106&_nc_ohc=_AaP-IlyTWoQ7kNvgGHffEZ&edm=AMrZAGUBAAAA&ccb=7-5&oh=00_AYCc06iobiCReWyeyIy4P3Pz-OLP_7K7qIwa3iEF6lFlYw&oe=665B7047&_nc_sid=17eaee",
            "username": "arizzlmynizzls"
        },
        "likes_count": 0,
        "answers": []
    }
]