[
    {
        "id": "17984634268778177",
        "created_at": 1677371609,
        "text": "?",
        "owner": {
            "id": "2524194389",
            "is_verified": false,
            "profile_pic_url": "https://instagram.flim9-1.fna.fbcdn.net/v/t51.2885-19/347449058_1196865330974027_2527961396216709834_n.jpg?stp=dst-jpg_s150x150&_nc_ht=instagram.flim9-1.fna.fbcdn.net&_nc_cat=111&_nc_ohc=xaB5h7GJLMMQ7kNvgHKZ21p&edm=AMrZAGUBAAAA&ccb=7-5&oh=00_AYA-1PuIBeN26ZfgNLEBYfRQivLc2ebVioj_fpd6jE2vIg&oe=665B8223&_nc_sid=17eaee",
            "username": "tomaschunga"
        },
        "likes_count": 0,
        "answers": []
    }
]