[
    {
        "id": "18342072913000446",
        "created_at": 1673638247,
        "text": "\ud83d\udc4f\ud83d\udc4f\ud83d\udc4f",
        "owner": {
            "id": "1444005383",
            "is_verified": false,
            "profile_pic_url": "https://instagram.flim8-1.fna.fbcdn.net/v/t51.2885-19/445196754_1136982350976424_8836584005024149017_n.jpg?stp=dst-jpg_s150x150&_nc_ht=instagram.flim8-1.fna.fbcdn.net&_nc_cat=104&_nc_ohc=poVXl_OWLM0Q7kNvgFXB9a3&edm=AMrZAGUBAAAA&ccb=7-5&oh=00_AYCpB0a1aG9Xp7n0Y5IE5FWk4t30hU1r7HNcguTcDqpSdg&oe=665B5BCF&_nc_sid=17eaee",
            "username": "angieeezzz"
        },
        "likes_count": 0,
        "answers": []
    },
    {
        "id": "18214716871204911",
        "created_at": 1673620171,
        "text": "\ud83d\ude4c\ud83d\udc4fInteresante!!!!",
        "owner": {
            "id": "8174144018",
            "is_verified": false,
            "profile_pic_url": "https://instagram.flim8-1.fna.fbcdn.net/v/t51.2885-19/413453951_766317608651664_8952377922693665477_n.jpg?stp=dst-jpg_s150x150&_nc_ht=instagram.flim8-1.fna.fbcdn.net&_nc_cat=100&_nc_ohc=qlPWwYwJAe4Q7kNvgGalhBN&edm=AMrZAGUBAAAA&ccb=7-5&oh=00_AYBOO8eGvGjRAofO91pa_o4DYJ91hepkfqONTjVR_Vmaiw&oe=665B9072&_nc_sid=17eaee",
            "username": "jeanett_castillo_tocto"
        },
        "likes_count": 0,
        "answers": []
    }
]