[
    {
        "id": "17859696470847001",
        "created_at": 1674694352,
        "text": "Buen art\u00edculo @lcahuana \ud83d\udc4f",
        "owner": {
            "id": "6258213443",
            "is_verified": false,
            "profile_pic_url": "https://instagram.flim13-1.fna.fbcdn.net/v/t51.2885-19/313841039_498646512318658_882855281506105795_n.jpg?stp=dst-jpg_s150x150&_nc_ht=instagram.flim13-1.fna.fbcdn.net&_nc_cat=110&_nc_ohc=hK6XYEe715wQ7kNvgF5DYk5&edm=AMrZAGUBAAAA&ccb=7-5&oh=00_AYAvTvMT6aq9pqZ695kHrTfSoMlilaOPAXadzfVeqj9SKw&oe=665B88A2&_nc_sid=17eaee",
            "username": "nayeli_huanaco"
        },
        "likes_count": 1,
        "answers": []
    },
    {
        "id": "18269202757136571",
        "created_at": 1674601627,
        "text": "Crack @lcahuana \ud83d\udc4f\ud83d\ude4c",
        "owner": {
            "id": "5539187932",
            "is_verified": false,
            "profile_pic_url": "https://instagram.flim8-1.fna.fbcdn.net/v/t51.2885-19/441389028_1534197197144304_7886020489252606062_n.jpg?stp=dst-jpg_s150x150&_nc_ht=instagram.flim8-1.fna.fbcdn.net&_nc_cat=100&_nc_ohc=8Wb-zHhs_hkQ7kNvgHbL8TR&edm=AMrZAGUBAAAA&ccb=7-5&oh=00_AYB4cZROiLreLMnMZ1jbQHb5axHvwJ2bvXx42ESBqDVzXA&oe=665B8CB5&_nc_sid=17eaee",
            "username": "luzzhazz"
        },
        "likes_count": 1,
        "answers": []
    }
]