[
    {
        "id": "18224900584233289",
        "created_at": 1688585148,
        "text": "Igualaci\u00f3n o Evaluaci\u00f3n de Impacto? \ud83e\uddd0",
        "owner": {
            "id": "1585416107",
            "is_verified": false,
            "profile_pic_url": "https://instagram.flim13-1.fna.fbcdn.net/v/t51.2885-19/319883279_523310419752848_498495179811596632_n.jpg?stp=dst-jpg_s150x150&_nc_ht=instagram.flim13-1.fna.fbcdn.net&_nc_cat=108&_nc_ohc=wmjlzf3Ggm0Q7kNvgFcN7t4&edm=AMrZAGUBAAAA&ccb=7-5&oh=00_AYDbM66AkW6tEjoP_GqSnLlRzdh070jFATTil7_Jtrnh7g&oe=665B630A&_nc_sid=17eaee",
            "username": "antonio.ccarbajal"
        },
        "likes_count": 1,
        "answers": []
    },
    {
        "id": "17929940561620656",
        "created_at": 1688575090,
        "text": "\ud83d\udd25",
        "owner": {
            "id": "1765871918",
            "is_verified": false,
            "profile_pic_url": "https://instagram.flim9-1.fna.fbcdn.net/v/t51.2885-19/433396061_2437339649790935_3594293475202702313_n.jpg?stp=dst-jpg_s150x150&_nc_ht=instagram.flim9-1.fna.fbcdn.net&_nc_cat=111&_nc_ohc=LFygXnZifqsQ7kNvgHTzfcK&edm=AMrZAGUBAAAA&ccb=7-5&oh=00_AYAv4uc0VAT70rzESkgSoZKlVya_6KtHGwkG_nYOvwVKWA&oe=665B65D0&_nc_sid=17eaee",
            "username": "sergiobalcas"
        },
        "likes_count": 1,
        "answers": []
    },
    {
        "id": "17883423338873052",
        "created_at": 1688537747,
        "text": "Dieguito \ud83d\udcaf",
        "owner": {
            "id": "1492142724",
            "is_verified": false,
            "profile_pic_url": "https://instagram.flim8-1.fna.fbcdn.net/v/t51.2885-19/443252776_1875427322910950_5497104155750308155_n.jpg?stp=dst-jpg_s150x150&_nc_ht=instagram.flim8-1.fna.fbcdn.net&_nc_cat=102&_nc_ohc=pFBxKDUP5ZAQ7kNvgG2fYtg&edm=AMrZAGUBAAAA&ccb=7-5&oh=00_AYCeCLUb--UlpNbIGbFN-guVLPuJnk6BsN7813EB_r5cCg&oe=665B5FF7&_nc_sid=17eaee",
            "username": "arianaorderique"
        },
        "likes_count": 1,
        "answers": []
    },
    {
        "id": "17902573550807445",
        "created_at": 1688524784,
        "text": "Diegod \ud83d\udcaf",
        "owner": {
            "id": "25083833169",
            "is_verified": false,
            "profile_pic_url": "https://instagram.flim8-1.fna.fbcdn.net/v/t51.2885-19/74607431_1566494680160232_5950385272565792768_n.jpg?stp=dst-jpg_s150x150&_nc_ht=instagram.flim8-1.fna.fbcdn.net&_nc_cat=100&_nc_ohc=tQfDZh8OktoQ7kNvgEw6gAi&edm=AMrZAGUBAAAA&ccb=7-5&oh=00_AYDDdpPqG-t_d3b6-UjkSvjIzpBndM-lJQo95LOj-RdVOw&oe=665B884F&_nc_sid=17eaee",
            "username": "luis_gabo146"
        },
        "likes_count": 1,
        "answers": []
    },
    {
        "id": "17997115072974801",
        "created_at": 1688523705,
        "text": "@milagros_galarza nos ama",
        "owner": {
            "id": "8754019115",
            "is_verified": false,
            "profile_pic_url": "https://instagram.flim13-1.fna.fbcdn.net/v/t51.2885-19/299727471_818511472615937_8224396977853044518_n.jpg?stp=dst-jpg_s150x150&_nc_ht=instagram.flim13-1.fna.fbcdn.net&_nc_cat=105&_nc_ohc=qgvpdBcUawcQ7kNvgF6HZwK&edm=AMrZAGUBAAAA&ccb=7-5&oh=00_AYDeF1BwVmIZlfr9q7uflTyQ7Y8jqGhHT3ZJioNYznUMlQ&oe=665B7E1C&_nc_sid=17eaee",
            "username": "andy_vllnv"
        },
        "likes_count": 2,
        "answers": []
    },
    {
        "id": "17991902156080268",
        "created_at": 1688522529,
        "text": "Creo que se parece bastante a un abogado que hace videos en Tik Tok.",
        "owner": {
            "id": "2166518883",
            "is_verified": false,
            "profile_pic_url": "https://instagram.flim9-1.fna.fbcdn.net/v/t51.2885-19/105333775_197005201641287_1763111771385749112_n.jpg?stp=dst-jpg_s150x150&_nc_ht=instagram.flim9-1.fna.fbcdn.net&_nc_cat=111&_nc_ohc=AW19d3zhZ08Q7kNvgHZpk1l&edm=AMrZAGUBAAAA&ccb=7-5&oh=00_AYAfPL_Qxe84Fg69kx0JaQ3ILrDEy3AwZcAvKeWRI4STxQ&oe=665B86EA&_nc_sid=17eaee",
            "username": "leonardozarater"
        },
        "likes_count": 1,
        "answers": []
    },
    {
        "id": "17862017222968331",
        "created_at": 1688521484,
        "text": "grande Dieguito",
        "owner": {
            "id": "5561486356",
            "is_verified": false,
            "profile_pic_url": "https://instagram.flim9-1.fna.fbcdn.net/v/t51.2885-19/442486364_1894961087605271_2761306105913697799_n.jpg?stp=dst-jpg_s150x150&_nc_ht=instagram.flim9-1.fna.fbcdn.net&_nc_cat=111&_nc_ohc=oJs_LY_5ikcQ7kNvgEwMu3D&edm=AMrZAGUBAAAA&ccb=7-5&oh=00_AYDxAibSrc74pFOB-Bl5OkF6Ezn3AOZIvXW7VkpGxfXu3Q&oe=665B86C0&_nc_sid=17eaee",
            "username": "bridy_dennys"
        },
        "likes_count": 1,
        "answers": []
    }
]