[
    {
        "id": "18003565243686785",
        "created_at": 1685889021,
        "text": "Gracias, pueden colocar el link en la bio por favor \ud83d\ude4f",
        "owner": {
            "id": "11791907",
            "is_verified": false,
            "profile_pic_url": "https://instagram.flim8-1.fna.fbcdn.net/v/t51.2885-19/358392669_1217137292280746_6976849868761245574_n.jpg?stp=dst-jpg_s150x150&_nc_ht=instagram.flim8-1.fna.fbcdn.net&_nc_cat=102&_nc_ohc=ov84YQmUVe8Q7kNvgEpdL_b&edm=AMrZAGUBAAAA&ccb=7-5&oh=00_AYAliSgLArlLMjuuNq7-K1YIcLtMOcQTjSRNqZz_rboFKw&oe=665B7044&_nc_sid=17eaee",
            "username": "angelinepe"
        },
        "likes_count": 1,
        "answers": [
            {
                "id": 17973918191465620,
                "created_at": 1685905624,
                "text": "@angelinepe Listo, gracias \u263a\ufe0f",
                "owner": {
                    "id": "45332477513",
                    "is_verified": false,
                    "profile_pic_url": "https://instagram.flim9-1.fna.fbcdn.net/v/t51.2885-19/293714474_1387433071779127_6519190070295826303_n.jpg?stp=dst-jpg_s150x150&_nc_ht=instagram.flim9-1.fna.fbcdn.net&_nc_cat=107&_nc_ohc=phTEwO6bDAcQ7kNvgFOp9ON&edm=AMrZAGUBAAAA&ccb=7-5&oh=00_AYA5oxbtcKnIfTJWfjHE4u_a1jVibvzbiNVoYQYuYg7D9g&oe=665B79B4&_nc_sid=17eaee",
                    "username": "aee.pucp"
                },
                "likes_count": 1
            }
        ]
    },
    {
        "id": "18364171498012968",
        "created_at": 1685669925,
        "text": "interesante",
        "owner": {
            "id": "42428484092",
            "is_verified": false,
            "profile_pic_url": "https://instagram.flim13-1.fna.fbcdn.net/v/t51.2885-19/446560574_1023806295994813_2193614504148488402_n.jpg?stp=dst-jpg_s150x150&_nc_ht=instagram.flim13-1.fna.fbcdn.net&_nc_cat=101&_nc_ohc=zwZUqaxbrmcQ7kNvgGXoOL6&edm=AMrZAGUBAAAA&ccb=7-5&oh=00_AYAXS6oH-Oi_Rf8JlwIFLvPWzXbHEpMqNkv-Dp2Ilgf4dw&oe=665B57F2&_nc_sid=17eaee",
            "username": "luisaamess"
        },
        "likes_count": 1,
        "answers": []
    }
]