[
    {
        "id": "18377484196000506",
        "created_at": 1690423031,
        "text": "linda mi @daniela.hcc \ud83d\ude0d",
        "owner": {
            "id": "2294279679",
            "is_verified": false,
            "profile_pic_url": "https://instagram.flim13-1.fna.fbcdn.net/v/t51.2885-19/123457182_194662675439125_8981966983781974314_n.jpg?stp=dst-jpg_s150x150&_nc_ht=instagram.flim13-1.fna.fbcdn.net&_nc_cat=101&_nc_ohc=SI_SmuVDy3YQ7kNvgFFTLo2&edm=AMrZAGUBAAAA&ccb=7-5&oh=00_AYCmBbgChPOn_GUKjjTR5M0SdZbAxuN2eUyjxzyVYqpLSQ&oe=665B80C3&_nc_sid=17eaee",
            "username": "mirellatoroguevara"
        },
        "likes_count": 0,
        "answers": []
    },
    {
        "id": "17885364761896886",
        "created_at": 1690410881,
        "text": "\ud83d\udc4f",
        "owner": {
            "id": "1119012964",
            "is_verified": false,
            "profile_pic_url": "https://instagram.flim9-1.fna.fbcdn.net/v/t51.2885-19/118076807_648615622733529_2705103643749692343_n.jpg?stp=dst-jpg_s150x150&_nc_ht=instagram.flim9-1.fna.fbcdn.net&_nc_cat=109&_nc_ohc=jPp9BecaFuUQ7kNvgGM0Wo7&edm=AMrZAGUBAAAA&ccb=7-5&oh=00_AYCMHghnWyduGh2LSdvLuiW5Wv06V2H3ytR4j6czhtCjeg&oe=665B633C&_nc_sid=17eaee",
            "username": "lilycespedess"
        },
        "likes_count": 0,
        "answers": []
    },
    {
        "id": "17992646089958923",
        "created_at": 1690392597,
        "text": "Interesante!",
        "owner": {
            "id": "366410557",
            "is_verified": false,
            "profile_pic_url": "https://instagram.flim13-1.fna.fbcdn.net/v/t51.2885-19/439587487_3759011884379662_6015904261605939239_n.jpg?stp=dst-jpg_s150x150&_nc_ht=instagram.flim13-1.fna.fbcdn.net&_nc_cat=110&_nc_ohc=kR2ruw5Jw0YQ7kNvgEhUmxa&edm=AMrZAGUBAAAA&ccb=7-5&oh=00_AYBDrvmRYPj0LIOve3_cMFAoJ19R7HFcJYpm6XxbWLCXQA&oe=665B72CF&_nc_sid=17eaee",
            "username": "flaviabm30"
        },
        "likes_count": 0,
        "answers": []
    },
    {
        "id": "18119322097309517",
        "created_at": 1690389695,
        "text": "bac\u00e1n",
        "owner": {
            "id": "1444005383",
            "is_verified": false,
            "profile_pic_url": "https://instagram.flim8-1.fna.fbcdn.net/v/t51.2885-19/445196754_1136982350976424_8836584005024149017_n.jpg?stp=dst-jpg_s150x150&_nc_ht=instagram.flim8-1.fna.fbcdn.net&_nc_cat=104&_nc_ohc=poVXl_OWLM0Q7kNvgFXB9a3&edm=AMrZAGUBAAAA&ccb=7-5&oh=00_AYCpB0a1aG9Xp7n0Y5IE5FWk4t30hU1r7HNcguTcDqpSdg&oe=665B5BCF&_nc_sid=17eaee",
            "username": "angieeezzz"
        },
        "likes_count": 0,
        "answers": []
    },
    {
        "id": "17987502350492946",
        "created_at": 1690389634,
        "text": "no saquen tarjeta de cr\u00e9dito si tienen 21 a\u00f1os y no saben controlarse financieramente\ud83d\ude22",
        "owner": {
            "id": "1444005383",
            "is_verified": false,
            "profile_pic_url": "https://instagram.flim8-1.fna.fbcdn.net/v/t51.2885-19/445196754_1136982350976424_8836584005024149017_n.jpg?stp=dst-jpg_s150x150&_nc_ht=instagram.flim8-1.fna.fbcdn.net&_nc_cat=104&_nc_ohc=poVXl_OWLM0Q7kNvgFXB9a3&edm=AMrZAGUBAAAA&ccb=7-5&oh=00_AYCpB0a1aG9Xp7n0Y5IE5FWk4t30hU1r7HNcguTcDqpSdg&oe=665B5BCF&_nc_sid=17eaee",
            "username": "angieeezzz"
        },
        "likes_count": 0,
        "answers": []
    },
    {
        "id": "17975098220454959",
        "created_at": 1690379272,
        "text": "muy interesante \ud83d\ude4c",
        "owner": {
            "id": "384942225",
            "is_verified": false,
            "profile_pic_url": "https://instagram.flim8-1.fna.fbcdn.net/v/t51.2885-19/278475393_1368479860288020_8474887512340278923_n.jpg?stp=dst-jpg_s150x150&_nc_ht=instagram.flim8-1.fna.fbcdn.net&_nc_cat=100&_nc_ohc=CprrLKl96q8Q7kNvgHu4coo&edm=AMrZAGUBAAAA&ccb=7-5&oh=00_AYDZ-zh_uHUu1EwvxM015mol6PMJSJU9L7lC-rYzJ_IhWA&oe=665B827B&_nc_sid=17eaee",
            "username": "anaclaudia20_"
        },
        "likes_count": 0,
        "answers": []
    },
    {
        "id": "17845531695026058",
        "created_at": 1690350039,
        "text": "quiero saber m\u00e1s!!!",
        "owner": {
            "id": "1629008924",
            "is_verified": false,
            "profile_pic_url": "https://instagram.flim8-1.fna.fbcdn.net/v/t51.2885-19/439569815_391744920402496_7414864326015628355_n.jpg?stp=dst-jpg_s150x150&_nc_ht=instagram.flim8-1.fna.fbcdn.net&_nc_cat=104&_nc_ohc=a7H5DTtjaYMQ7kNvgF4nZbO&edm=AMrZAGUBAAAA&ccb=7-5&oh=00_AYCEcM6A3AdnIfl1TJRc4TUisy2YnNCZeeKPNHXffeEtmQ&oe=665B6645&_nc_sid=17eaee",
            "username": "gabrielasanchezzs"
        },
        "likes_count": 1,
        "answers": []
    },
    {
        "id": "18278903887126008",
        "created_at": 1690346673,
        "text": "@peter.torres03 bro",
        "owner": {
            "id": "5737846594",
            "is_verified": false,
            "profile_pic_url": "https://instagram.flim8-1.fna.fbcdn.net/v/t51.2885-19/37420972_291320801450904_1507605109410889728_n.jpg?stp=dst-jpg_s150x150&_nc_ht=instagram.flim8-1.fna.fbcdn.net&_nc_cat=100&_nc_ohc=rMM5yN08IfoQ7kNvgGLU9cf&edm=AMrZAGUBAAAA&ccb=7-5&oh=00_AYC9x8iBM0iMpqfkkxgS6DR4opeLITRYddNk3DDA7--nJQ&oe=665B5C5F&_nc_sid=17eaee",
            "username": "fabiansilva32"
        },
        "likes_count": 0,
        "answers": [
            {
                "id": 17963928215609379,
                "created_at": 1690378420,
                "text": "@fabiansilva32 bro?",
                "owner": {
                    "id": "4461237692",
                    "is_verified": false,
                    "profile_pic_url": "https://instagram.flim9-1.fna.fbcdn.net/v/t51.2885-19/291273074_1124615114761977_7506960101829974177_n.jpg?stp=dst-jpg_s150x150&_nc_ht=instagram.flim9-1.fna.fbcdn.net&_nc_cat=109&_nc_ohc=RcL8w5U--jMQ7kNvgG9P8bt&edm=AMrZAGUBAAAA&ccb=7-5&oh=00_AYAMxw0PU4TJFQYJreqqNdsKN2_rsuXlS5b600L6xoU2Qw&oe=665B8550&_nc_sid=17eaee",
                    "username": "peter.torres03"
                },
                "likes_count": 0
            }
        ]
    },
    {
        "id": "17975131454258735",
        "created_at": 1690344193,
        "text": "Estar\u00e9 atento!!",
        "owner": {
            "id": "40298314862",
            "is_verified": false,
            "profile_pic_url": "https://instagram.flim13-1.fna.fbcdn.net/v/t51.2885-19/310148456_807167786997253_3927030657068450872_n.jpg?stp=dst-jpg_s150x150&_nc_ht=instagram.flim13-1.fna.fbcdn.net&_nc_cat=101&_nc_ohc=io_Zs7bS1wUQ7kNvgEWIRat&edm=AMrZAGUBAAAA&ccb=7-5&oh=00_AYAyoU9MmQiaEL2Gr3jT6JBZgBFAtV7J-sJgJkLPKA0Crg&oe=665B5E2E&_nc_sid=17eaee",
            "username": "cesar_sialer"
        },
        "likes_count": 0,
        "answers": [
            {
                "id": 17994706691091505,
                "created_at": 1690382641,
                "text": "@cesar_sialer siempre atento usted compa\u00f1ero",
                "owner": {
                    "id": "3216310804",
                    "is_verified": false,
                    "profile_pic_url": "https://instagram.flim13-1.fna.fbcdn.net/v/t51.2885-19/437491360_445584041177789_9082792963234811616_n.jpg?stp=dst-jpg_s150x150&_nc_ht=instagram.flim13-1.fna.fbcdn.net&_nc_cat=105&_nc_ohc=zcbZRtLP3TAQ7kNvgEdG6wo&edm=AMrZAGUBAAAA&ccb=7-5&oh=00_AYAG7qHhLkPPgfw3OcXSeES2bKGSQ3gzOhKDFYfsVH25Zg&oe=665B5FD7&_nc_sid=17eaee",
                    "username": "alexis25_06"
                },
                "likes_count": 1
            }
        ]
    },
    {
        "id": "17900352125764926",
        "created_at": 1690344083,
        "text": "\ud83d\udd25\ud83d\udd25\ud83d\udd25",
        "owner": {
            "id": "4528559172",
            "is_verified": false,
            "profile_pic_url": "https://instagram.flim13-1.fna.fbcdn.net/v/t51.2885-19/439913431_992289798959698_8205345539029724628_n.jpg?stp=dst-jpg_s150x150&_nc_ht=instagram.flim13-1.fna.fbcdn.net&_nc_cat=110&_nc_ohc=JYYf5Wx02eoQ7kNvgGvM-oT&edm=AMrZAGUBAAAA&ccb=7-5&oh=00_AYD1G10avyKXaaleMfXCF_UXEynpLVVJKmziBbewvj6n5g&oe=665B6F37&_nc_sid=17eaee",
            "username": "sergiocuadrosq"
        },
        "likes_count": 0,
        "answers": []
    },
    {
        "id": "17981191952140292",
        "created_at": 1690344059,
        "text": "\ud83d\udd25\ud83d\udd25\ud83d\udd25",
        "owner": {
            "id": "4528559172",
            "is_verified": false,
            "profile_pic_url": "https://instagram.flim13-1.fna.fbcdn.net/v/t51.2885-19/439913431_992289798959698_8205345539029724628_n.jpg?stp=dst-jpg_s150x150&_nc_ht=instagram.flim13-1.fna.fbcdn.net&_nc_cat=110&_nc_ohc=JYYf5Wx02eoQ7kNvgGvM-oT&edm=AMrZAGUBAAAA&ccb=7-5&oh=00_AYD1G10avyKXaaleMfXCF_UXEynpLVVJKmziBbewvj6n5g&oe=665B6F37&_nc_sid=17eaee",
            "username": "sergiocuadrosq"
        },
        "likes_count": 0,
        "answers": []
    },
    {
        "id": "17897125748777995",
        "created_at": 1690343717,
        "text": "Totalmente recomendado para ver\u2764\ufe0f",
        "owner": {
            "id": "32524296731",
            "is_verified": false,
            "profile_pic_url": "https://instagram.flim13-1.fna.fbcdn.net/v/t51.2885-19/312783692_172376738718877_8009308063480457450_n.jpg?stp=dst-jpg_s150x150&_nc_ht=instagram.flim13-1.fna.fbcdn.net&_nc_cat=101&_nc_ohc=4V2VmSuz7YAQ7kNvgFImgJ5&edm=AMrZAGUBAAAA&ccb=7-5&oh=00_AYBL7vLkHUCZUom5SYgPt3iVWIxQuM9rnt5AK7eqJltHJw&oe=665B60D9&_nc_sid=17eaee",
            "username": "ale_hh22"
        },
        "likes_count": 0,
        "answers": []
    },
    {
        "id": "18305624983109147",
        "created_at": 1690339029,
        "text": "s\u00faper interesante!!",
        "owner": {
            "id": "3276798328",
            "is_verified": false,
            "profile_pic_url": "https://instagram.flim8-1.fna.fbcdn.net/v/t51.2885-19/434643645_1450361348923240_7937255379096352988_n.jpg?stp=dst-jpg_s150x150&_nc_ht=instagram.flim8-1.fna.fbcdn.net&_nc_cat=104&_nc_ohc=m3We0zP_GbUQ7kNvgE9QOi8&edm=AMrZAGUBAAAA&ccb=7-5&oh=00_AYCbtdQZDtPmhanPOMt1UxI6FtnxU-xQ3s3jgpj4yOmjlw&oe=665B8E0F&_nc_sid=17eaee",
            "username": "diegolopezd_"
        },
        "likes_count": 0,
        "answers": []
    }
]