[
    {
        "id": "17993365933793255",
        "created_at": 1683945845,
        "text": "Que macana si ma\u00f1ana dicen vale 250y listo no, en este pa\u00eds se puede esperar cualquier cosa, obvio que no va a ocurrir",
        "owner": {
            "id": "3302559185",
            "is_verified": false,
            "profile_pic_url": "https://instagram.flim13-1.fna.fbcdn.net/v/t51.2885-19/364338392_614413827212137_664984129589540120_n.jpg?stp=dst-jpg_s150x150&_nc_ht=instagram.flim13-1.fna.fbcdn.net&_nc_cat=101&_nc_ohc=fTVyMsdyZugQ7kNvgHFkXLC&edm=AMrZAGUBAAAA&ccb=7-5&oh=00_AYCqQamgoPhx6iKn3G-RGitWhmG8VfgpCuOHwXSvk7mjKg&oe=665B5DCB&_nc_sid=17eaee",
            "username": "jareibos1"
        },
        "likes_count": 0,
        "answers": []
    }
]