[
    {
        "id": "18321586015129260",
        "created_at": 1702339950,
        "text": "\ud83d\ude2e",
        "owner": {
            "id": "1422635072",
            "is_verified": false,
            "profile_pic_url": "https://instagram.flim13-1.fna.fbcdn.net/v/t51.2885-19/28754560_151162715562041_4258230847284445184_n.jpg?stp=dst-jpg_s150x150&_nc_ht=instagram.flim13-1.fna.fbcdn.net&_nc_cat=105&_nc_ohc=7Nqgr6AGmNwQ7kNvgHbJmfo&edm=AMrZAGUBAAAA&ccb=7-5&oh=00_AYANI1dTsDB4Fi_CNDouWOvGj_6T7_DoA_UFoaKX_AN9iQ&oe=665B696D&_nc_sid=17eaee",
            "username": "neil.delacruz.17"
        },
        "likes_count": 0,
        "answers": []
    }
]