[
    {
        "id": "17870327829000528",
        "created_at": 1705468253,
        "text": "En administraci\u00f3n y contabilidad se refieren a otra cosa no??",
        "owner": {
            "id": "54535378976",
            "is_verified": false,
            "profile_pic_url": "https://instagram.flim13-1.fna.fbcdn.net/v/t51.2885-19/295302042_1069191760374773_963368604484653679_n.jpg?stp=dst-jpg_s150x150&_nc_ht=instagram.flim13-1.fna.fbcdn.net&_nc_cat=105&_nc_ohc=XzIeuEuts-sQ7kNvgFX_fkY&edm=AMrZAGUBAAAA&ccb=7-5&oh=00_AYCE6v2XVXHRON5DHvN23U6H0NY3N8D2mv1nrzjlNWvpHg&oe=665B614E&_nc_sid=17eaee",
            "username": "carlos_enrique_flores_collazos"
        },
        "likes_count": 0,
        "answers": []
    }
]