[
    {
        "id": "17930532989756301",
        "created_at": 1713031926,
        "text": "\ud83d\ude4c\ud83d\ude4c\ud83d\ude4c\ud83d\ude4c",
        "owner": {
            "id": "1442924857",
            "is_verified": false,
            "profile_pic_url": "https://instagram.flim13-1.fna.fbcdn.net/v/t51.2885-19/436402609_923180679558293_6578176405815138279_n.jpg?stp=dst-jpg_s150x150&_nc_ht=instagram.flim13-1.fna.fbcdn.net&_nc_cat=105&_nc_ohc=IJJbUB-bQ0QQ7kNvgHpWeBi&edm=AMrZAGUBAAAA&ccb=7-5&oh=00_AYBVBvlVonTMBpysLn6iXIzdbMGNhb6xPbPctLQZ8-RhMw&oe=665B7EF1&_nc_sid=17eaee",
            "username": "mayraandreafm"
        },
        "likes_count": 1,
        "answers": []
    },
    {
        "id": "18027787441965547",
        "created_at": 1712962237,
        "text": "lo m\u00e1ximo chicas!!!!",
        "owner": {
            "id": "1131916118",
            "is_verified": false,
            "profile_pic_url": "https://instagram.flim9-1.fna.fbcdn.net/v/t51.2885-19/439587500_481101317573719_7377160368503453559_n.jpg?stp=dst-jpg_s150x150&_nc_ht=instagram.flim9-1.fna.fbcdn.net&_nc_cat=107&_nc_ohc=R9SBDnPf2gsQ7kNvgHTy4wx&edm=AMrZAGUBAAAA&ccb=7-5&oh=00_AYBA2xyFePMBrjxaTKPsqit75o1W6MQPGmq8ppHhUrw5Vw&oe=665B7321&_nc_sid=17eaee",
            "username": "daniela.hcc"
        },
        "likes_count": 1,
        "answers": []
    },
    {
        "id": "18076155718475785",
        "created_at": 1712961855,
        "text": "Arrasando @camilaalmeyda \ud83d\udd25\u2764\ufe0f",
        "owner": {
            "id": "12173880351",
            "is_verified": false,
            "profile_pic_url": "https://instagram.flim13-1.fna.fbcdn.net/v/t51.2885-19/435594556_7338550816181672_9038183236838483814_n.jpg?stp=dst-jpg_s150x150&_nc_ht=instagram.flim13-1.fna.fbcdn.net&_nc_cat=108&_nc_ohc=jACKjaeMXZoQ7kNvgH_zDU4&edm=AMrZAGUBAAAA&ccb=7-5&oh=00_AYBIOYwsp87F6zmc2TO36QUQcZo9an1TpogNoasKkNzqsQ&oe=665B611E&_nc_sid=17eaee",
            "username": "ariza.saito19"
        },
        "likes_count": 2,
        "answers": []
    },
    {
        "id": "17974969958695979",
        "created_at": 1712958573,
        "text": "Holi, tbm ayuda a posicionar a los pa\u00edses en la regi\u00f3n, por ejemplo, en el caso de Singapur y Taylor Swift, generando un incremento de 300 millones de d\u00f3lares al PIB de Singapur en el primer trimestre (NYT, 2024). Creo que el balance ser\u00eda proyectar que para crecer en ese escenario, se debe invertir en infraestructura de transporte y de espect\u00e1culos, agenda pendiente en estas gestiones :)",
        "owner": {
            "id": "290474547",
            "is_verified": false,
            "profile_pic_url": "https://instagram.flim13-1.fna.fbcdn.net/v/t51.2885-19/440976862_448370751207874_3359206147868427040_n.jpg?stp=dst-jpg_s150x150&_nc_ht=instagram.flim13-1.fna.fbcdn.net&_nc_cat=110&_nc_ohc=7ngbvdAfDLMQ7kNvgFJFqm8&edm=AMrZAGUBAAAA&ccb=7-5&oh=00_AYApmflaMXPnBxXJ9N38Vn_SgxWj6qcQciozCfJnyODZfw&oe=665B57E4&_nc_sid=17eaee",
            "username": "maichamota"
        },
        "likes_count": 2,
        "answers": []
    },
    {
        "id": "18039660826811189",
        "created_at": 1712957224,
        "text": "Ufff \ud83d\udd25 \ud83d\udd1d\ud83d\udd1d\ud83d\udd1d",
        "owner": {
            "id": "1644625469",
            "is_verified": false,
            "profile_pic_url": "https://instagram.flim9-1.fna.fbcdn.net/v/t51.2885-19/442447215_434617159211994_8006832903808794857_n.jpg?stp=dst-jpg_s150x150&_nc_ht=instagram.flim9-1.fna.fbcdn.net&_nc_cat=106&_nc_ohc=uThYL66vWsAQ7kNvgGQAGk1&edm=AMrZAGUBAAAA&ccb=7-5&oh=00_AYBmX3MkA4rd3sVz5haRa-TYqScLJRZnJfLMwO32c0RwPw&oe=665B5B11&_nc_sid=17eaee",
            "username": "jossalbornoz"
        },
        "likes_count": 1,
        "answers": []
    },
    {
        "id": "17991847772442883",
        "created_at": 1712950788,
        "text": "excelente info!!!!!!!\ud83e\udd13\ud83e\ude77\ud83e\ude77\ud83e\ude77\ud83e\ude77\ud83e\ude77",
        "owner": {
            "id": "5981940867",
            "is_verified": false,
            "profile_pic_url": "https://instagram.flim9-1.fna.fbcdn.net/v/t51.2885-19/440897547_399417692966335_7343665121018979703_n.jpg?stp=dst-jpg_s150x150&_nc_ht=instagram.flim9-1.fna.fbcdn.net&_nc_cat=107&_nc_ohc=REIjVLrgUcUQ7kNvgGkanUS&edm=AMrZAGUBAAAA&ccb=7-5&oh=00_AYB2gQbyYsGqIS35V2gQufq-lFaE3yr1GvZEftbez3RQ9Q&oe=665B6445&_nc_sid=17eaee",
            "username": "valeriatamayo_"
        },
        "likes_count": 1,
        "answers": []
    }
]