[
    {
        "id": "17939253365815669",
        "created_at": 1712890785,
        "text": "Por qu\u00e9 un all-male panel?",
        "owner": {
            "id": "1737716482",
            "is_verified": false,
            "profile_pic_url": "https://instagram.flim8-1.fna.fbcdn.net/v/t51.2885-19/440327626_8100653613295872_7500637877459819763_n.jpg?stp=dst-jpg_s150x150&_nc_ht=instagram.flim8-1.fna.fbcdn.net&_nc_cat=100&_nc_ohc=u4b2XrHbd_oQ7kNvgFXdJF1&edm=AMrZAGUBAAAA&ccb=7-5&oh=00_AYAbVEvA4lUxbmrZjtAqdjaKlvvSTVd8wzaJiZQplYSYPA&oe=665B68C2&_nc_sid=17eaee",
            "username": "anas_gonzalesm"
        },
        "likes_count": 1,
        "answers": []
    },
    {
        "id": "17988798257633632",
        "created_at": 1712527229,
        "text": "Es virtual ?",
        "owner": {
            "id": "623018323",
            "is_verified": false,
            "profile_pic_url": "https://instagram.flim13-1.fna.fbcdn.net/v/t51.2885-19/385279238_2094731220880736_8591637542123000241_n.jpg?stp=dst-jpg_s150x150&_nc_ht=instagram.flim13-1.fna.fbcdn.net&_nc_cat=108&_nc_ohc=YmHQux_Qt2MQ7kNvgGUnQcI&edm=AMrZAGUBAAAA&ccb=7-5&oh=00_AYBbkngrAac2oZdDK4obV-oo30Nh6g6fZIuwPmk12N45JQ&oe=665B62E3&_nc_sid=17eaee",
            "username": "fabiovaldiviezo"
        },
        "likes_count": 0,
        "answers": [
            {
                "id": 18331888201119121,
                "created_at": 1712535751,
                "text": "@fabiovaldiviezo ser\u00e1 presencial el d\u00eda viernes y el d\u00eda lunes virtual \ud83d\ude4c",
                "owner": {
                    "id": "57429361341",
                    "is_verified": false,
                    "profile_pic_url": "https://instagram.flim13-1.fna.fbcdn.net/v/t51.2885-19/437016683_1150471552973206_5222025780137357687_n.jpg?stp=dst-jpg_s150x150&_nc_ht=instagram.flim13-1.fna.fbcdn.net&_nc_cat=110&_nc_ohc=9k_SWoSkYFUQ7kNvgHqQpaQ&edm=AMrZAGUBAAAA&ccb=7-5&oh=00_AYCzCpEoPCHwJfwGIqFVBYgsJxKRh7pzKJBKsM3b4t_OUg&oe=665B678F&_nc_sid=17eaee",
                    "username": "isaicaja"
                },
                "likes_count": 0
            }
        ]
    }
]