[
    {
        "id": "17946296270696613",
        "created_at": 1715994611,
        "text": "Amoo\ud83d\ude0d\ud83d\ude4c\u2764\ufe0f",
        "owner": {
            "id": "3034841075",
            "is_verified": false,
            "profile_pic_url": "https://instagram.flim8-1.fna.fbcdn.net/v/t51.2885-19/446220664_760905729459771_5580855692218091661_n.jpg?stp=dst-jpg_s150x150&_nc_ht=instagram.flim8-1.fna.fbcdn.net&_nc_cat=103&_nc_ohc=2vwqkfjuNhYQ7kNvgGRiwGJ&edm=AMrZAGUBAAAA&ccb=7-5&oh=00_AYDaeiCn2slHfD5mSNnjmkeuXU9iELHreydYmXqR3j_txg&oe=665B5914&_nc_sid=17eaee",
            "username": "gabyelisolt"
        },
        "likes_count": 1,
        "answers": []
    },
    {
        "id": "18024681073959007",
        "created_at": 1715992440,
        "text": "\u2764\ufe0fContenido Swifton\u00f3mico>>>>",
        "owner": {
            "id": "1644625469",
            "is_verified": false,
            "profile_pic_url": "https://instagram.flim9-1.fna.fbcdn.net/v/t51.2885-19/442447215_434617159211994_8006832903808794857_n.jpg?stp=dst-jpg_s150x150&_nc_ht=instagram.flim9-1.fna.fbcdn.net&_nc_cat=106&_nc_ohc=uThYL66vWsAQ7kNvgGQAGk1&edm=AMrZAGUBAAAA&ccb=7-5&oh=00_AYBmX3MkA4rd3sVz5haRa-TYqScLJRZnJfLMwO32c0RwPw&oe=665B5B11&_nc_sid=17eaee",
            "username": "jossalbornoz"
        },
        "likes_count": 1,
        "answers": []
    },
    {
        "id": "18056537320537933",
        "created_at": 1715991760,
        "text": "\ud83d\ude0d\ud83d\ude0d\ud83d\ude0d\ud83d\ude0d\ud83d\ude0d\ud83d\ude0d!",
        "owner": {
            "id": "5981940867",
            "is_verified": false,
            "profile_pic_url": "https://instagram.flim9-1.fna.fbcdn.net/v/t51.2885-19/440897547_399417692966335_7343665121018979703_n.jpg?stp=dst-jpg_s150x150&_nc_ht=instagram.flim9-1.fna.fbcdn.net&_nc_cat=107&_nc_ohc=REIjVLrgUcUQ7kNvgGkanUS&edm=AMrZAGUBAAAA&ccb=7-5&oh=00_AYB2gQbyYsGqIS35V2gQufq-lFaE3yr1GvZEftbez3RQ9Q&oe=665B6445&_nc_sid=17eaee",
            "username": "valeriatamayo_"
        },
        "likes_count": 1,
        "answers": []
    },
    {
        "id": "17957440277774775",
        "created_at": 1715990151,
        "text": "Excelente post! Amamos a Taylor Swift \ud83d\ude0d\u2764\ufe0f",
        "owner": {
            "id": "1449957645",
            "is_verified": false,
            "profile_pic_url": "https://instagram.flim9-1.fna.fbcdn.net/v/t51.2885-19/443838065_1714099849397203_6151322869298874401_n.jpg?stp=dst-jpg_s150x150&_nc_ht=instagram.flim9-1.fna.fbcdn.net&_nc_cat=107&_nc_ohc=QyFFMnD7K1oQ7kNvgEyLjvE&edm=AMrZAGUBAAAA&ccb=7-5&oh=00_AYDvwuws-8iWL9CdQGGxz9O6mNK_RzJPvOMqSwkJtdIxMg&oe=665B8380&_nc_sid=17eaee",
            "username": "jhulianapalacios_"
        },
        "likes_count": 4,
        "answers": []
    }
]