[
    {
        "id": "17872238214073469",
        "created_at": 1712027441,
        "text": "Buen intento, aunque los conceptos mal empleados te llevan a conclusiones erradas. Primero, el cristianismo no tiene como \"fin\" la liberaci\u00f3n sino la salvaci\u00f3n del alma (atender a esa diferencia sutil y esencial). Segundo, el comunismo no propone un componente espiritual; podr\u00eda decirse que ser espiritista en todo caso, e igual eso es discutible.",
        "owner": {
            "id": "2103504824",
            "is_verified": false,
            "profile_pic_url": "https://instagram.flim9-1.fna.fbcdn.net/v/t51.2885-19/183623051_310944993919919_3219131644316935428_n.jpg?stp=dst-jpg_s150x150&_nc_ht=instagram.flim9-1.fna.fbcdn.net&_nc_cat=111&_nc_ohc=ljnAXBfMIWAQ7kNvgHXDb5u&edm=AMrZAGUBAAAA&ccb=7-5&oh=00_AYBleIOX-H4wOLNFR4hnjyjZznYS6zrALTyhR-0F1ZSbmA&oe=665B79E1&_nc_sid=17eaee",
            "username": "fabricio_esc11"
        },
        "likes_count": 1,
        "answers": [
            {
                "id": 18018534284488211,
                "created_at": 1712099320,
                "text": "@fabricio_esc11 Buen comentario. (1) No soy experto en cristianismo ni te\u00f3logo, pero, en el texto, sigo a Russell (2005 [1945]) cuando compara al Milenio (Reino de Dios) con el Estado Comunista. En ambos existe la emancipaci\u00f3n humana y el fin de la explotaci\u00f3n del hombre. Y digo humana porque las ALMAS de los difuntos recuperan su CUERPO el d\u00eda del Juicio Final. Por eso, tambi\u00e9n ubico al crisitanismo como espiritualismo materialista. (2) Por espiritual / espiritista / espiritualista (asumo equivalencia) me refiero a que el comunismo incluye a Dios en el mundo, el cual en su desarrollo dial\u00e9ctico es el mismo Dios (modos de producci\u00f3n que generan clases) en marcha hacia la realizaci\u00f3n del Esp\u00edritu Absoluto de la historia: El Estado Comunista (modo de producci\u00f3n que no genera clases). En otras palabras, en el cristianismo Dios es aquello de lo que se habla, y en el comunismo Dios es aquello desde donde se habla. Cito del texto: \"[...] en el materialismo espiritual del comunismo, Dios pertenece al mundo de manera horizontal (antes y despu\u00e9s), que no de manera vertical (arriba y abajo), como lo propone el espiritualismo materialista del cristianismo.\"",
                "owner": {
                    "id": "9229607985",
                    "is_verified": false,
                    "profile_pic_url": "https://instagram.flim9-1.fna.fbcdn.net/v/t51.2885-19/83497285_858554597912829_700044776933687296_n.jpg?stp=dst-jpg_s150x150&_nc_ht=instagram.flim9-1.fna.fbcdn.net&_nc_cat=109&_nc_ohc=6WMLtsz_rYgQ7kNvgHI7Hu2&edm=AMrZAGUBAAAA&ccb=7-5&oh=00_AYB-PCQMAjf9clC3WNL7oqFPyPWoiCHFy4n_Il9PurTDAA&oe=665B8B11&_nc_sid=17eaee",
                    "username": "herickvs"
                },
                "likes_count": 2
            }
        ]
    },
    {
        "id": "17877230064000904",
        "created_at": 1711937594,
        "text": "\ud83d\udc4f",
        "owner": {
            "id": "5858423141",
            "is_verified": false,
            "profile_pic_url": "https://instagram.flim8-1.fna.fbcdn.net/v/t51.2885-19/434249840_3629909033958554_6957992642944787741_n.jpg?stp=dst-jpg_s150x150&_nc_ht=instagram.flim8-1.fna.fbcdn.net&_nc_cat=102&_nc_ohc=5rkzh5ty_wcQ7kNvgHRKRqe&edm=AMrZAGUBAAAA&ccb=7-5&oh=00_AYDHJ-Vw21FEfxhoHi6iXzly1KhKofQBCN2A_GmsqDyf6g&oe=665B81E3&_nc_sid=17eaee",
            "username": "carlobitooo"
        },
        "likes_count": 1,
        "answers": []
    },
    {
        "id": "18059374789495639",
        "created_at": 1711935018,
        "text": "Bueno, pues, de arranque, el comunismo NO es ning\u00fan sistema moral: es meramente un sistema econ\u00f3mico.",
        "owner": {
            "id": "581566315",
            "is_verified": false,
            "profile_pic_url": "https://instagram.flim8-1.fna.fbcdn.net/v/t51.2885-19/446493920_434563902535227_4481510718078919490_n.jpg?stp=dst-jpg_s150x150&_nc_ht=instagram.flim8-1.fna.fbcdn.net&_nc_cat=103&_nc_ohc=qO-G8vB84yMQ7kNvgFLNgd_&edm=AMrZAGUBAAAA&ccb=7-5&oh=00_AYCbA4PyidatQdHzyTCGNxD1wyppLPJOJsn1GYMNoYireQ&oe=665B5D03&_nc_sid=17eaee",
            "username": "cher0nocher"
        },
        "likes_count": 15,
        "answers": [
            {
                "id": 18041870713688508,
                "created_at": 1711939210,
                "text": "Creo que confundes \u00e9tica con moral (pol\u00edtica, en el l\u00edmite). En el texto, asumo esta distinci\u00f3n: la escala del individuo tomado DISTRIBUTIVAMENTE (\u00e9tica) y la escala del individuo tomado ATRIBUTIVAMENTE (moral y pol\u00edtica), es decir, conformando grupos o sociedades pol\u00edticas (tribu, estado-nacion, imperio). En este marco, efectivamente, no pueden existir sistemas \u00e9ticos, pero si sistemas morales (pol\u00edticos, por ende, econ\u00f3micos).",
                "owner": {
                    "id": "9229607985",
                    "profile_pic_url": "https://instagram.flim9-1.fna.fbcdn.net/v/t51.2885-19/83497285_858554597912829_700044776933687296_n.jpg?stp=dst-jpg_s150x150&_nc_ht=instagram.flim9-1.fna.fbcdn.net&_nc_cat=109&_nc_ohc=6WMLtsz_rYgQ7kNvgHI7Hu2&edm=AF1ddXUBAAAA&ccb=7-5&oh=00_AYAKEd_duq8pDjmps4WKyRZXH980gfQQQJU88UnNgFgWpw&oe=665B8B11&_nc_sid=cf751b",
                    "username": "herickvs"
                },
                "likes_count": 24
            },
            {
                "id": 18021672865925818,
                "created_at": 1711939448,
                "text": "@herickvs hay una cuesti\u00f3n de orden ah\u00ed: no es \u201cpol\u00edticos y por ende econ\u00f3micos\u201d sino \u201cecon\u00f3micos por ende pol\u00edticos\u201d. Ergo, la conclusi\u00f3n sigue siendo la misma: el comunismo es un sistema econ\u00f3mico. Lo que salga del \u00e9l (una pol\u00edtica, moral, \u00e9tica, etc. determinada) es otra cosa.",
                "owner": {
                    "id": "581566315",
                    "profile_pic_url": "https://instagram.flim8-1.fna.fbcdn.net/v/t51.2885-19/446493920_434563902535227_4481510718078919490_n.jpg?stp=dst-jpg_s150x150&_nc_ht=instagram.flim8-1.fna.fbcdn.net&_nc_cat=103&_nc_ohc=qO-G8vB84yMQ7kNvgFLNgd_&edm=AF1ddXUBAAAA&ccb=7-5&oh=00_AYCYY8vrvgsrNtDaXbsh3K0gMkV_Idwl8qI0fnTWKHgM3A&oe=665B5D03&_nc_sid=cf751b",
                    "username": "cher0nocher"
                },
                "likes_count": 6
            },
            {
                "id": 17937487337706612,
                "created_at": 1711941277,
                "text": "@herickvs tenemos puntos epistemol\u00f3gicos distintos: para m\u00ed la econom\u00eda es primero, luego la pol\u00edtica, partiendo de la necesidad econ\u00f3mica inmediata (comer), resoluci\u00f3n del problema (conseguir comida y saciarse) y empezar de nuevo (comer otra vez).\nPara ti y para varios, por lo que entiendo, la situaci\u00f3n es paralela. Para m\u00ed no: una siempre es primero que la otra.",
                "owner": {
                    "id": "581566315",
                    "profile_pic_url": "https://instagram.flim8-1.fna.fbcdn.net/v/t51.2885-19/446493920_434563902535227_4481510718078919490_n.jpg?stp=dst-jpg_s150x150&_nc_ht=instagram.flim8-1.fna.fbcdn.net&_nc_cat=103&_nc_ohc=qO-G8vB84yMQ7kNvgFLNgd_&edm=AF1ddXUBAAAA&ccb=7-5&oh=00_AYCYY8vrvgsrNtDaXbsh3K0gMkV_Idwl8qI0fnTWKHgM3A&oe=665B5D03&_nc_sid=cf751b",
                    "username": "cher0nocher"
                },
                "likes_count": 5
            },
            {
                "id": 17881230719984339,
                "created_at": 1711940911,
                "text": "No es cuestion de orden ordinal, sino cardinal, es decir, de la amplitud de la definici\u00f3n de \"lo econ\u00f3mico\". A saber, en el texto, entiendo lo econ\u00f3mico en sentido sustantivo, que no formal (ve\u00e1se Polanyi). En este marco, la econom\u00eda y la pol\u00edtica surgen de manera paralela (a la manera de la relaci\u00f3n de congruencia de numeros naturales, organizados en clases de equivalencia disjuntos, como es usual en aritmetica modular). Es una relacion universal y paralela en su concepto, pero no conexa en su aplicaci\u00f3n. Las formas pol\u00edticas estan paralelas a las formas dinerarias: Estado es paralelo a la Moneda (vease cualquier libro de antropolog\u00eda econ\u00f3mica)",
                "owner": {
                    "id": "9229607985",
                    "profile_pic_url": "https://instagram.flim9-1.fna.fbcdn.net/v/t51.2885-19/83497285_858554597912829_700044776933687296_n.jpg?stp=dst-jpg_s150x150&_nc_ht=instagram.flim9-1.fna.fbcdn.net&_nc_cat=109&_nc_ohc=6WMLtsz_rYgQ7kNvgHI7Hu2&edm=AF1ddXUBAAAA&ccb=7-5&oh=00_AYAKEd_duq8pDjmps4WKyRZXH980gfQQQJU88UnNgFgWpw&oe=665B8B11&_nc_sid=cf751b",
                    "username": "herickvs"
                },
                "likes_count": 9
            }
        ]
    },
    {
        "id": "18005391797402039",
        "created_at": 1711934609,
        "text": "\ud83d\udd25",
        "owner": {
            "id": "727954488",
            "is_verified": false,
            "profile_pic_url": "https://instagram.flim8-1.fna.fbcdn.net/v/t51.2885-19/435586116_1501766627134947_6916916339340261869_n.jpg?stp=dst-jpg_s150x150&_nc_ht=instagram.flim8-1.fna.fbcdn.net&_nc_cat=103&_nc_ohc=hPgxZ0ZK468Q7kNvgEmFbyp&edm=AMrZAGUBAAAA&ccb=7-5&oh=00_AYDyphUDprilhZz2jSHiOvJrqKw-H8-50mw1mSlY8Pj0jw&oe=665B5C09&_nc_sid=17eaee",
            "username": "alearannda16"
        },
        "likes_count": 1,
        "answers": []
    },
    {
        "id": "17857893390137138",
        "created_at": 1711933728,
        "text": "\ud83d\udd1d\ud83d\udc4f",
        "owner": {
            "id": "1131916118",
            "is_verified": false,
            "profile_pic_url": "https://instagram.flim9-1.fna.fbcdn.net/v/t51.2885-19/439587500_481101317573719_7377160368503453559_n.jpg?stp=dst-jpg_s150x150&_nc_ht=instagram.flim9-1.fna.fbcdn.net&_nc_cat=107&_nc_ohc=R9SBDnPf2gsQ7kNvgHTy4wx&edm=AMrZAGUBAAAA&ccb=7-5&oh=00_AYBA2xyFePMBrjxaTKPsqit75o1W6MQPGmq8ppHhUrw5Vw&oe=665B7321&_nc_sid=17eaee",
            "username": "daniela.hcc"
        },
        "likes_count": 2,
        "answers": []
    }
]