[
    {
        "id": "18225033556248860",
        "created_at": 1704950339,
        "text": "Excelente an\u00e1lisis econ\u00f3mico, muy interesante. Espero que en el futuro exploren m\u00e1s el mundo de los dramas <3",
        "owner": {
            "id": "20833239975",
            "is_verified": false,
            "profile_pic_url": "https://instagram.flim13-1.fna.fbcdn.net/v/t51.2885-19/436731695_361231560238772_1483849617292672078_n.jpg?stp=dst-jpg_s150x150&_nc_ht=instagram.flim13-1.fna.fbcdn.net&_nc_cat=108&_nc_ohc=5Ppee3jq40wQ7kNvgFopPRT&edm=AMrZAGUBAAAA&ccb=7-5&oh=00_AYDm9i5KrjL8pKPYQ7SMX1zVQMeVaNy3M_aJJ8xZH-YHLA&oe=665B6548&_nc_sid=17eaee",
            "username": "helangiee"
        },
        "likes_count": 0,
        "answers": []
    }
]