[
    {
        "id": "18104094574388925",
        "created_at": 1713895950,
        "text": "@anbursi01 \ud83d\udc97\ud83d\udc97\ud83d\udc97 linda iniciativa!!",
        "owner": {
            "id": "2975877485",
            "is_verified": false,
            "profile_pic_url": "https://instagram.flim13-1.fna.fbcdn.net/v/t51.2885-19/395166896_1348573816090100_1750243047711004481_n.jpg?stp=dst-jpg_s150x150&_nc_ht=instagram.flim13-1.fna.fbcdn.net&_nc_cat=108&_nc_ohc=Ha16uPGmrn8Q7kNvgFxvptl&edm=AMrZAGUBAAAA&ccb=7-5&oh=00_AYAP2nNrYKWu6o1kqiDvc8NbMqmw_5GySFGvfgvHlkm73A&oe=665B66E3&_nc_sid=17eaee",
            "username": "angelaaltamiranoq"
        },
        "likes_count": 2,
        "answers": []
    },
    {
        "id": "18040633822790678",
        "created_at": 1713891170,
        "text": "excelente!",
        "owner": {
            "id": "1444005383",
            "is_verified": false,
            "profile_pic_url": "https://instagram.flim8-1.fna.fbcdn.net/v/t51.2885-19/445196754_1136982350976424_8836584005024149017_n.jpg?stp=dst-jpg_s150x150&_nc_ht=instagram.flim8-1.fna.fbcdn.net&_nc_cat=104&_nc_ohc=poVXl_OWLM0Q7kNvgFXB9a3&edm=AMrZAGUBAAAA&ccb=7-5&oh=00_AYCpB0a1aG9Xp7n0Y5IE5FWk4t30hU1r7HNcguTcDqpSdg&oe=665B5BCF&_nc_sid=17eaee",
            "username": "angieeezzz"
        },
        "likes_count": 1,
        "answers": []
    },
    {
        "id": "17993493941631487",
        "created_at": 1713881824,
        "text": "\ud83d\ude0d\ud83d\ude0d\ud83d\ude0d\ud83d\ude0d\ud83d\ude0d @anbursi01",
        "owner": {
            "id": "14446189880",
            "is_verified": false,
            "profile_pic_url": "https://instagram.flim13-1.fna.fbcdn.net/v/t51.2885-19/410817874_897517591521445_6871141441881297933_n.jpg?stp=dst-jpg_s150x150&_nc_ht=instagram.flim13-1.fna.fbcdn.net&_nc_cat=101&_nc_ohc=3KnfLN67KLgQ7kNvgEUpA67&edm=AMrZAGUBAAAA&ccb=7-5&oh=00_AYBGSh5V6nIv5fGAHsnm9ieLnBY0QRCC1JSAfvkaKfKK6Q&oe=665B6B23&_nc_sid=17eaee",
            "username": "alexandernoblejas"
        },
        "likes_count": 2,
        "answers": []
    },
    {
        "id": "17868845226095201",
        "created_at": 1713874219,
        "text": "\ud83d\udc9a\ud83d\udc9a\ud83d\udc9a",
        "owner": {
            "id": "4018729666",
            "is_verified": false,
            "profile_pic_url": "https://instagram.flim8-1.fna.fbcdn.net/v/t51.2885-19/403866903_835547831605455_3621895097388669775_n.jpg?stp=dst-jpg_s150x150&_nc_ht=instagram.flim8-1.fna.fbcdn.net&_nc_cat=103&_nc_ohc=sgw4R_Rbk5cQ7kNvgErgV1T&edm=AMrZAGUBAAAA&ccb=7-5&oh=00_AYCF7q3K5luRbc5Be-4YwKb85D5BfCYYhDgNwfUXB_NPAA&oe=665B6BDA&_nc_sid=17eaee",
            "username": "cam_alexandra_18"
        },
        "likes_count": 1,
        "answers": []
    },
    {
        "id": "18005023058450566",
        "created_at": 1713870833,
        "text": "Espectacular!!! \u2728\u2728\u2728\u2728",
        "owner": {
            "id": "6058168228",
            "is_verified": false,
            "profile_pic_url": "https://instagram.flim8-1.fna.fbcdn.net/v/t51.2885-19/438504540_1209363533367508_5311457338484374939_n.jpg?stp=dst-jpg_s150x150&_nc_ht=instagram.flim8-1.fna.fbcdn.net&_nc_cat=104&_nc_ohc=qWg97OdLTOwQ7kNvgFqaCkg&edm=AMrZAGUBAAAA&ccb=7-5&oh=00_AYAGa5BvSJykneFERH6bFv9DkIIl13LtPAHBYhbFwP3x6A&oe=665B6FC0&_nc_sid=17eaee",
            "username": "mariselachill"
        },
        "likes_count": 1,
        "answers": []
    },
    {
        "id": "17844071964209127",
        "created_at": 1713844510,
        "text": "\ud83e\uddbe\ud83d\udc9a",
        "owner": {
            "id": "5710038303",
            "is_verified": false,
            "profile_pic_url": "https://instagram.fpoj5-1.fna.fbcdn.net/v/t51.2885-19/44884218_345707102882519_2446069589734326272_n.jpg?_nc_ht=instagram.fpoj5-1.fna.fbcdn.net&_nc_cat=1&_nc_ohc=hzidlFdfQAUQ7kNvgEDHVn_&edm=ALlQn9MBAAAA&ccb=7-5&ig_cache_key=YW5vbnltb3VzX3Byb2ZpbGVfcGlj.2-ccb7-5&oh=00_AYB-lPfnWIKrF7PzbRbZRaQccaDXTr7BhF_n0HE8VJ6aLA&oe=665B650F&_nc_sid=e7f676",
            "username": "gaby_palaco_"
        },
        "likes_count": 1,
        "answers": []
    },
    {
        "id": "18024217616106385",
        "created_at": 1713844294,
        "text": "Donde sacan convocatoria? \ud83e\udd29",
        "owner": {
            "id": "1640375395",
            "is_verified": false,
            "profile_pic_url": "https://instagram.flim8-1.fna.fbcdn.net/v/t51.2885-19/347255711_258034423433966_2168881667491540785_n.jpg?stp=dst-jpg_s150x150&_nc_ht=instagram.flim8-1.fna.fbcdn.net&_nc_cat=102&_nc_ohc=CrXjA-eCSmwQ7kNvgFG_XQu&edm=AMrZAGUBAAAA&ccb=7-5&oh=00_AYAZB_qByBrFSSZoxYJQNltAZjly4ZyRjsj5FzFF_xLi6g&oe=665B5D3F&_nc_sid=17eaee",
            "username": "gabooo512"
        },
        "likes_count": 1,
        "answers": []
    },
    {
        "id": "17944405982802002",
        "created_at": 1713844072,
        "text": "Que genial q se fomente este tipo de actividades dentro de nuestras organizaciones. \ud83c\udf37\ud83e\ude76 Espero tambi\u00e9n participar en las pr\u00f3ximas!\ud83d\udc97",
        "owner": {
            "id": "1644625469",
            "is_verified": false,
            "profile_pic_url": "https://instagram.flim9-1.fna.fbcdn.net/v/t51.2885-19/442447215_434617159211994_8006832903808794857_n.jpg?stp=dst-jpg_s150x150&_nc_ht=instagram.flim9-1.fna.fbcdn.net&_nc_cat=106&_nc_ohc=uThYL66vWsAQ7kNvgGQAGk1&edm=AMrZAGUBAAAA&ccb=7-5&oh=00_AYBmX3MkA4rd3sVz5haRa-TYqScLJRZnJfLMwO32c0RwPw&oe=665B5B11&_nc_sid=17eaee",
            "username": "jossalbornoz"
        },
        "likes_count": 8,
        "answers": []
    },
    {
        "id": "18104635297376560",
        "created_at": 1713843844,
        "text": "Am\u00e9 participar de esta sesi\u00f3n de limpieza! Volvamos a ir pronto, a\u00fan hay mucho que limpiar \ud83d\ude22\u2764\ufe0f\u200d\ud83e\ude79!",
        "owner": {
            "id": "23682842914",
            "is_verified": false,
            "profile_pic_url": "https://instagram.flim13-1.fna.fbcdn.net/v/t51.2885-19/431969140_950696763060161_7991157070364744540_n.jpg?stp=dst-jpg_s150x150&_nc_ht=instagram.flim13-1.fna.fbcdn.net&_nc_cat=105&_nc_ohc=4EFOKC-viPAQ7kNvgEFNiLo&edm=AMrZAGUBAAAA&ccb=7-5&oh=00_AYCnsY5yDNlnfdp27Sp4aRC2Ox-xIBqKfRnjKGBUQ4bLew&oe=665B84EF&_nc_sid=17eaee",
            "username": "once_i_su"
        },
        "likes_count": 2,
        "answers": []
    },
    {
        "id": "18001370786531314",
        "created_at": 1713843287,
        "text": "@once_i_su buena voz!\ud83c\udf31\u2728\ufe0f",
        "owner": {
            "id": "1551645416",
            "is_verified": false,
            "profile_pic_url": "https://instagram.flim8-1.fna.fbcdn.net/v/t51.2885-19/434669188_1076162763496214_8359348003874562962_n.jpg?stp=dst-jpg_s150x150&_nc_ht=instagram.flim8-1.fna.fbcdn.net&_nc_cat=102&_nc_ohc=k2El-oz9u80Q7kNvgG-Mp1s&edm=AMrZAGUBAAAA&ccb=7-5&oh=00_AYD8XDZqw1gkHsvjIbFeO5X-7l8WIdOhxzVKmNnMLA5Afg&oe=665B738B&_nc_sid=17eaee",
            "username": "florangel.camargo"
        },
        "likes_count": 2,
        "answers": []
    },
    {
        "id": "18322470472131676",
        "created_at": 1713841924,
        "text": "Aaaa me encanta!! Tremenda chamba @musyay_foro @economicaperu @ruapucp \ud83c\udf31\ud83d\udc9a\ud83d\udc9a",
        "owner": {
            "id": "25064485113",
            "is_verified": false,
            "profile_pic_url": "https://instagram.flim8-1.fna.fbcdn.net/v/t51.2885-19/414239757_297738819935376_5972421852076961188_n.jpg?stp=dst-jpg_s150x150&_nc_ht=instagram.flim8-1.fna.fbcdn.net&_nc_cat=100&_nc_ohc=rJdEfLRtzbsQ7kNvgFUnlhn&edm=AMrZAGUBAAAA&ccb=7-5&oh=00_AYDFIMhpiSiFDURVWffzEGJmZ3pe9RWFtuAEXzfMm9oKpw&oe=665B6B8A&_nc_sid=17eaee",
            "username": "emely_.solange"
        },
        "likes_count": 2,
        "answers": []
    },
    {
        "id": "18285884941164392",
        "created_at": 1713839439,
        "text": "Amamossss\ud83c\udf31\ud83e\udd0d\u2728\ufe0f @musyay_foro @economicaperu @ruapucp",
        "owner": {
            "id": "1551645416",
            "is_verified": false,
            "profile_pic_url": "https://instagram.flim8-1.fna.fbcdn.net/v/t51.2885-19/434669188_1076162763496214_8359348003874562962_n.jpg?stp=dst-jpg_s150x150&_nc_ht=instagram.flim8-1.fna.fbcdn.net&_nc_cat=102&_nc_ohc=k2El-oz9u80Q7kNvgG-Mp1s&edm=AMrZAGUBAAAA&ccb=7-5&oh=00_AYD8XDZqw1gkHsvjIbFeO5X-7l8WIdOhxzVKmNnMLA5Afg&oe=665B738B&_nc_sid=17eaee",
            "username": "florangel.camargo"
        },
        "likes_count": 2,
        "answers": []
    },
    {
        "id": "18087909586429218",
        "created_at": 1713839039,
        "text": "Buen\u00edsimooo!! @musyay_foro @economicaperu @ruapucp \ud83d\udc9a\u2728",
        "owner": {
            "id": "44444277056",
            "is_verified": false,
            "profile_pic_url": "https://instagram.flim13-1.fna.fbcdn.net/v/t51.2885-19/345259894_551582003821976_4053467379428466514_n.jpg?stp=dst-jpg_s150x150&_nc_ht=instagram.flim13-1.fna.fbcdn.net&_nc_cat=108&_nc_ohc=P62-yUQ1lvIQ7kNvgGRAqIk&edm=AMrZAGUBAAAA&ccb=7-5&oh=00_AYBvFboqI2uHzpow6nUamKdmMf47ge5QuMZbCEk5BialWw&oe=665B6D17&_nc_sid=17eaee",
            "username": "ange.withg"
        },
        "likes_count": 1,
        "answers": []
    }
]